product_id,category_id
B07JW9H4J1,18
B07JW9H4J1,241
B07JW9H4J1,186
B07JW9H4J1,242
B07JW9H4J1,284
B098NS6PVG,18
B098NS6PVG,241
B098NS6PVG,186
B098NS6PVG,242
B098NS6PVG,284
B096MSW6CT,18
B096MSW6CT,241
B096MSW6CT,186
B096MSW6CT,242
B096MSW6CT,284
B08HDJ86NZ,18
B08HDJ86NZ,241
B08HDJ86NZ,186
B08HDJ86NZ,242
B08HDJ86NZ,284
B08CF3B7N1,18
B08CF3B7N1,241
B08CF3B7N1,186
B08CF3B7N1,242
B08CF3B7N1,284
B08Y1TFSP6,18
B08Y1TFSP6,241
B08Y1TFSP6,186
B08Y1TFSP6,242
B08Y1TFSP6,284
B08WRWPM22,18
B08WRWPM22,241
B08WRWPM22,186
B08WRWPM22,242
B08WRWPM22,284
B08DDRGWTJ,18
B08DDRGWTJ,241
B08DDRGWTJ,186
B08DDRGWTJ,242
B08DDRGWTJ,284
B008IFXQFU,18
B008IFXQFU,8
B008IFXQFU,256
B008IFXQFU,125
B082LZGK39,18
B082LZGK39,241
B082LZGK39,186
B082LZGK39,242
B082LZGK39,284
B08CF3D7QR,18
B08CF3D7QR,241
B08CF3D7QR,186
B08CF3D7QR,242
B08CF3D7QR,284
B0789LZTCJ,18
B0789LZTCJ,241
B0789LZTCJ,186
B0789LZTCJ,242
B0789LZTCJ,284
B07KSMBL2H,150
B07KSMBL2H,257
B07KSMBL2H,142
B07KSMBL2H,242
B07KSMBL2H,276
B085DTN6R2,18
B085DTN6R2,241
B085DTN6R2,186
B085DTN6R2,242
B085DTN6R2,284
B09KLVMZ3B,18
B09KLVMZ3B,241
B09KLVMZ3B,186
B09KLVMZ3B,242
B09KLVMZ3B,284
B083342NKJ,18
B083342NKJ,241
B083342NKJ,186
B083342NKJ,242
B083342NKJ,284
B0B6F7LX4C,150
B0B6F7LX4C,257
B0B6F7LX4C,164
B0B6F7LX4C,48
B082LSVT4B,18
B082LSVT4B,241
B082LSVT4B,186
B082LSVT4B,242
B082LSVT4B,284
B08WRBG3XW,18
B08WRBG3XW,241
B08WRBG3XW,186
B08WRBG3XW,242
B08WRBG3XW,284
B08DPLCM6T,150
B08DPLCM6T,257
B08DPLCM6T,164
B08DPLCM6T,48
B09C6HXFC1,18
B09C6HXFC1,241
B09C6HXFC1,186
B09C6HXFC1,242
B09C6HXFC1,284
B085194JFL,150
B085194JFL,257
B085194JFL,142
B085194JFL,242
B085194JFL,276
B09F6S8BT6,150
B09F6S8BT6,257
B09F6S8BT6,164
B09F6S8BT6,48
B09NHVCHS9,18
B09NHVCHS9,241
B09NHVCHS9,186
B09NHVCHS9,242
B09NHVCHS9,284
B0B1YVCJ2Y,150
B0B1YVCJ2Y,257
B0B1YVCJ2Y,164
B0B1YVCJ2Y,48
B01M4GGIVU,150
B01M4GGIVU,257
B01M4GGIVU,142
B01M4GGIVU,242
B01M4GGIVU,276
B08B42LWKN,150
B08B42LWKN,257
B08B42LWKN,164
B08B42LWKN,48
B094JNXNPV,18
B094JNXNPV,241
B094JNXNPV,186
B094JNXNPV,242
B094JNXNPV,284
B09W5XR9RT,18
B09W5XR9RT,241
B09W5XR9RT,186
B09W5XR9RT,242
B09W5XR9RT,284
B077Z65HSD,18
B077Z65HSD,241
B077Z65HSD,186
B077Z65HSD,242
B077Z65HSD,284
B00NH11PEY,18
B00NH11PEY,241
B00NH11PEY,186
B00NH11PEY,242
B00NH11PEY,284
B09CMM3VGK,18
B09CMM3VGK,241
B09CMM3VGK,186
B09CMM3VGK,242
B09CMM3VGK,284
B08QSC1XY8,18
B08QSC1XY8,241
B08QSC1XY8,186
B08QSC1XY8,242
B08QSC1XY8,284
B008FWZGSG,18
B008FWZGSG,241
B008FWZGSG,186
B008FWZGSG,242
B008FWZGSG,284
B0B4HJNPV4,18
B0B4HJNPV4,241
B0B4HJNPV4,186
B0B4HJNPV4,242
B0B4HJNPV4,284
B08Y1SJVV5,18
B08Y1SJVV5,241
B08Y1SJVV5,186
B08Y1SJVV5,242
B08Y1SJVV5,284
B07XLCFSSN,18
B07XLCFSSN,241
B07XLCFSSN,186
B07XLCFSSN,242
B07XLCFSSN,284
B09RZS1NQT,18
B09RZS1NQT,241
B09RZS1NQT,186
B09RZS1NQT,242
B09RZS1NQT,284
B0B3MMYHYW,150
B0B3MMYHYW,257
B0B3MMYHYW,164
B0B3MMYHYW,48
B09C6HWG18,18
B09C6HWG18,241
B09C6HWG18,186
B09C6HWG18,242
B09C6HWG18,284
B00NH11KIK,18
B00NH11KIK,241
B00NH11KIK,186
B00NH11KIK,242
B00NH11KIK,284
B09JPC82QC,150
B09JPC82QC,257
B09JPC82QC,164
B09JPC82QC,48
B07JW1Y6XV,18
B07JW1Y6XV,241
B07JW1Y6XV,186
B07JW1Y6XV,242
B07JW1Y6XV,284
B07KRCW6LZ,18
B07KRCW6LZ,8
B07KRCW6LZ,256
B07KRCW6LZ,125
B09NJN8L25,18
B09NJN8L25,241
B09NJN8L25,186
B09NJN8L25,242
B09NJN8L25,284
B07XJYYH7L,18
B07XJYYH7L,241
B07XJYYH7L,186
B07XJYYH7L,242
B07XJYYH7L,284
B002PD61Y4,18
B002PD61Y4,8
B002PD61Y4,256
B002PD61Y4,125
B014I8SSD0,150
B014I8SSD0,257
B014I8SSD0,142
B014I8SSD0,242
B014I8SSD0,276
B09L8DSSFH,150
B09L8DSSFH,257
B09L8DSSFH,142
B09L8DSSFH,111
B07232M876,18
B07232M876,241
B07232M876,186
B07232M876,242
B07232M876,284
B07P681N66,18
B07P681N66,8
B07P681N66,256
B07P681N66,125
B0711PVX6Z,18
B0711PVX6Z,241
B0711PVX6Z,186
B0711PVX6Z,242
B0711PVX6Z,284
B082T6V3DT,18
B082T6V3DT,241
B082T6V3DT,186
B082T6V3DT,242
B082T6V3DT,284
B07MKFNHKG,150
B07MKFNHKG,257
B07MKFNHKG,164
B07MKFNHKG,81
B0BFWGBX61,18
B0BFWGBX61,241
B0BFWGBX61,186
B0BFWGBX61,242
B0BFWGBX61,284
B01N90RZ4M,150
B01N90RZ4M,257
B01N90RZ4M,142
B01N90RZ4M,111
B0088TKTY2,18
B0088TKTY2,8
B0088TKTY2,256
B0088TKTY2,125
B09Q5SWVBJ,150
B09Q5SWVBJ,257
B09Q5SWVBJ,164
B09Q5SWVBJ,48
B0B4DT8MKT,18
B0B4DT8MKT,241
B0B4DT8MKT,186
B0B4DT8MKT,242
B0B4DT8MKT,284
B08CDKQ8T6,18
B08CDKQ8T6,241
B08CDKQ8T6,186
B08CDKQ8T6,242
B08CDKQ8T6,284
B07B275VN9,150
B07B275VN9,257
B07B275VN9,142
B07B275VN9,111
B0B15CPR37,150
B0B15CPR37,257
B0B15CPR37,164
B0B15CPR37,48
B0994GFWBH,18
B0994GFWBH,241
B0994GFWBH,186
B0994GFWBH,242
B0994GFWBH,284
B01GGKZ0V6,18
B01GGKZ0V6,241
B01GGKZ0V6,186
B01GGKZ0V6,242
B01GGKZ0V6,284
B09F9YQQ7B,150
B09F9YQQ7B,257
B09F9YQQ7B,164
B09F9YQQ7B,48
B014I8SX4Y,150
B014I8SX4Y,257
B014I8SX4Y,142
B014I8SX4Y,242
B014I8SX4Y,276
B09Q8HMKZX,18
B09Q8HMKZX,241
B09Q8HMKZX,186
B09Q8HMKZX,242
B09Q8HMKZX,284
B0B9XN9S3W,150
B0B9XN9S3W,257
B0B9XN9S3W,164
B0B9XN9S3W,81
B07966M8XH,150
B07966M8XH,257
B07966M8XH,142
B07966M8XH,199
B07966M8XH,130
B01GGKYKQM,18
B01GGKYKQM,241
B01GGKYKQM,186
B01GGKYKQM,242
B01GGKYKQM,284
B0B86CDHL1,18
B0B86CDHL1,241
B0B86CDHL1,186
B0B86CDHL1,242
B0B86CDHL1,284
B0B5ZF3NRK,18
B0B5ZF3NRK,241
B0B5ZF3NRK,186
B0B5ZF3NRK,242
B0B5ZF3NRK,284
B09RFC46VP,150
B09RFC46VP,257
B09RFC46VP,164
B09RFC46VP,48
B08R69VDHT,18
B08R69VDHT,241
B08R69VDHT,186
B08R69VDHT,242
B08R69VDHT,284
B09RWZRCP1,18
B09RWZRCP1,241
B09RWZRCP1,186
B09RWZRCP1,242
B09RWZRCP1,284
B09CMP1SC8,18
B09CMP1SC8,241
B09CMP1SC8,186
B09CMP1SC8,242
B09CMP1SC8,284
B09YLXYP7Y,18
B09YLXYP7Y,241
B09YLXYP7Y,186
B09YLXYP7Y,242
B09YLXYP7Y,284
B09ZPM4C2C,150
B09ZPM4C2C,257
B09ZPM4C2C,164
B09ZPM4C2C,48
B0B2DJDCPX,18
B0B2DJDCPX,241
B0B2DJDCPX,186
B0B2DJDCPX,242
B0B2DJDCPX,284
B0BCZCQTJX,150
B0BCZCQTJX,257
B0BCZCQTJX,142
B0BCZCQTJX,111
B07LGT55SJ,18
B07LGT55SJ,241
B07LGT55SJ,186
B07LGT55SJ,242
B07LGT55SJ,284
B09NKZXMWJ,18
B09NKZXMWJ,241
B09NKZXMWJ,186
B09NKZXMWJ,242
B09NKZXMWJ,284
B08QX1CC14,150
B08QX1CC14,257
B08QX1CC14,164
B08QX1CC14,48
B0974H97TJ,18
B0974H97TJ,241
B0974H97TJ,186
B0974H97TJ,242
B0974H97TJ,284
B07GVGTSLN,18
B07GVGTSLN,241
B07GVGTSLN,186
B07GVGTSLN,242
B07GVGTSLN,284
B09VCHLSJF,150
B09VCHLSJF,257
B09VCHLSJF,164
B09VCHLSJF,48
B0B1YZX72F,150
B0B1YZX72F,257
B0B1YZX72F,164
B0B1YZX72F,48
B092BJMT8Q,150
B092BJMT8Q,257
B092BJMT8Q,164
B092BJMT8Q,48
B0BMXMLSMM,18
B0BMXMLSMM,241
B0BMXMLSMM,186
B0BMXMLSMM,242
B0BMXMLSMM,284
B07JH1C41D,18
B07JH1C41D,241
B07JH1C41D,186
B07JH1C41D,242
B07JH1C41D,284
B0141EZMAI,18
B0141EZMAI,8
B0141EZMAI,256
B0141EZMAI,125
B09Q5P2MT3,150
B09Q5P2MT3,257
B09Q5P2MT3,164
B09Q5P2MT3,48
B08HDH26JX,18
B08HDH26JX,241
B08HDH26JX,186
B08HDH26JX,242
B08HDH26JX,284
B09VT6JKRP,18
B09VT6JKRP,241
B09VT6JKRP,186
B09VT6JKRP,242
B09VT6JKRP,284
B09T3KB6JZ,150
B09T3KB6JZ,257
B09T3KB6JZ,164
B09T3KB6JZ,48
B093QCY6YJ,18
B093QCY6YJ,8
B093QCY6YJ,256
B093QCY6YJ,125
B093ZNQZ2Y,150
B093ZNQZ2Y,257
B093ZNQZ2Y,142
B093ZNQZ2Y,111
B08LKS3LSP,18
B08LKS3LSP,241
B08LKS3LSP,186
B08LKS3LSP,242
B08LKS3LSP,284
B00V4BGDKU,18
B00V4BGDKU,8
B00V4BGDKU,256
B00V4BGDKU,125
B08CHKQ8D4,18
B08CHKQ8D4,241
B08CHKQ8D4,186
B08CHKQ8D4,242
B08CHKQ8D4,284
B09BW334ML,150
B09BW334ML,257
B09BW334ML,142
B09BW334ML,111
B082T6GVLJ,18
B082T6GVLJ,241
B082T6GVLJ,186
B082T6GVLJ,242
B082T6GVLJ,284
B07DL1KC3H,150
B07DL1KC3H,257
B07DL1KC3H,142
B07DL1KC3H,111
B0B6F98KJJ,150
B0B6F98KJJ,257
B0B6F98KJJ,164
B0B6F98KJJ,48
B07JNVF678,18
B07JNVF678,241
B07JNVF678,186
B07JNVF678,242
B07JNVF678,284
B09QGZFBPM,18
B09QGZFBPM,241
B09QGZFBPM,186
B09QGZFBPM,242
B09QGZFBPM,284
B07JGDB5M1,18
B07JGDB5M1,241
B07JGDB5M1,186
B07JGDB5M1,242
B07JGDB5M1,284
B0981XSZJ7,18
B0981XSZJ7,241
B0981XSZJ7,186
B0981XSZJ7,242
B0981XSZJ7,284
B0B9XLX8VR,150
B0B9XLX8VR,257
B0B9XLX8VR,164
B0B9XLX8VR,48
B08Y5KXR6Z,18
B08Y5KXR6Z,241
B08Y5KXR6Z,186
B08Y5KXR6Z,242
B08Y5KXR6Z,284
B09F6VHQXB,150
B09F6VHQXB,257
B09F6VHQXB,164
B09F6VHQXB,81
B0974G5Q2Y,18
B0974G5Q2Y,241
B0974G5Q2Y,186
B0974G5Q2Y,242
B0974G5Q2Y,284
B09YL9SN9B,150
B09YL9SN9B,257
B09YL9SN9B,164
B09YL9SN9B,48
B09RX1FK54,18
B09RX1FK54,241
B09RX1FK54,186
B09RX1FK54,242
B09RX1FK54,284
B09TT6BFDX,150
B09TT6BFDX,257
B09TT6BFDX,142
B09TT6BFDX,111
B09KH58JZR,18
B09KH58JZR,241
B09KH58JZR,186
B09KH58JZR,242
B09KH58JZR,284
B09DDCQFMT,150
B09DDCQFMT,257
B09DDCQFMT,142
B09DDCQFMT,111
B08RP2L2NL,18
B08RP2L2NL,241
B08RP2L2NL,186
B08RP2L2NL,242
B08RP2L2NL,284
B0B4G2MWSB,18
B0B4G2MWSB,241
B0B4G2MWSB,186
B0B4G2MWSB,242
B0B4G2MWSB,284
B0B21C4BMX,18
B0B21C4BMX,241
B0B21C4BMX,186
B0B21C4BMX,242
B0B21C4BMX,284
B084MZXJNK,18
B084MZXJNK,241
B084MZXJNK,186
B084MZXJNK,242
B084MZXJNK,284
B0BHZCNC4P,150
B0BHZCNC4P,257
B0BHZCNC4P,142
B0BHZCNC4P,111
B0B16KD737,150
B0B16KD737,257
B0B16KD737,164
B0B16KD737,48
B099K9ZX65,150
B099K9ZX65,257
B099K9ZX65,164
B099K9ZX65,48
B08Y55LPBF,150
B08Y55LPBF,257
B08Y55LPBF,164
B08Y55LPBF,48
B015OW3M1W,150
B015OW3M1W,257
B015OW3M1W,142
B015OW3M1W,242
B015OW3M1W,276
B01D5H8ZI8,150
B01D5H8ZI8,257
B01D5H8ZI8,142
B01D5H8ZI8,242
B01D5H8ZI8,276
B09X1M3DHX,150
B09X1M3DHX,257
B09X1M3DHX,164
B09X1M3DHX,48
B09MM6P76N,150
B09MM6P76N,257
B09MM6P76N,142
B09MM6P76N,111
B01D5H8LDM,150
B01D5H8LDM,257
B01D5H8LDM,142
B01D5H8LDM,242
B01D5H8LDM,188
B0B1YY6JJL,150
B0B1YY6JJL,257
B0B1YY6JJL,164
B0B1YY6JJL,48
B09QGZM8QB,18
B09QGZM8QB,241
B09QGZM8QB,186
B09QGZM8QB,242
B09QGZM8QB,284
B08L4SBJRY,150
B08L4SBJRY,124
B08L4SBJRY,142
B08L4SBJRY,218
B08L4SBJRY,226
B09X79PP8F,18
B09X79PP8F,241
B09X79PP8F,186
B09X79PP8F,242
B09X79PP8F,284
B082T6GVG9,18
B082T6GVG9,241
B082T6GVG9,186
B082T6GVG9,242
B082T6GVG9,284
B0B3XY5YT4,150
B0B3XY5YT4,257
B0B3XY5YT4,164
B0B3XY5YT4,48
B0B4HKH19N,18
B0B4HKH19N,241
B0B4HKH19N,186
B0B4HKH19N,242
B0B4HKH19N,284
B08TGG316Z,150
B08TGG316Z,257
B08TGG316Z,142
B08TGG316Z,242
B08TGG316Z,276
B071VMP1Z4,150
B071VMP1Z4,257
B071VMP1Z4,142
B071VMP1Z4,111
B071SDRGWL,18
B071SDRGWL,241
B071SDRGWL,186
B071SDRGWL,242
B071SDRGWL,284
B08PSQRW2T,18
B08PSQRW2T,241
B08PSQRW2T,186
B08PSQRW2T,242
B08PSQRW2T,284
B0859M539M,18
B0859M539M,8
B0859M539M,256
B0859M539M,125
B08RX8G496,150
B08RX8G496,257
B08RX8G496,142
B08RX8G496,111
B002SZEOLG,18
B002SZEOLG,8
B002SZEOLG,256
B002SZEOLG,125
B08CS3BT4L,150
B08CS3BT4L,257
B08CS3BT4L,164
B08CS3BT4L,48
B00RFWNJMC,150
B00RFWNJMC,257
B00RFWNJMC,142
B00RFWNJMC,111
B082T6GXS5,18
B082T6GXS5,241
B082T6GXS5,186
B082T6GXS5,242
B082T6GXS5,284
B09CMQRQM6,18
B09CMQRQM6,241
B09CMQRQM6,186
B09CMQRQM6,242
B09CMQRQM6,284
B005LJQMCK,150
B005LJQMCK,257
B005LJQMCK,142
B005LJQMCK,242
B005LJQMCK,40
B09C6H53KH,18
B09C6H53KH,241
B09C6H53KH,186
B09C6H53KH,242
B09C6H53KH,284
B0BB3CBFBM,150
B0BB3CBFBM,257
B0BB3CBFBM,164
B0BB3CBFBM,48
B08QSDKFGQ,18
B08QSDKFGQ,241
B08QSDKFGQ,186
B08QSDKFGQ,242
B08QSDKFGQ,284
B08PV1X771,150
B08PV1X771,257
B08PV1X771,164
B08PV1X771,48
B07YTNKVJQ,18
B07YTNKVJQ,241
B07YTNKVJQ,186
B07YTNKVJQ,242
B07YTNKVJQ,284
B0117H7GZ6,18
B0117H7GZ6,8
B0117H7GZ6,256
B0117H7GZ6,125
B09XJ1LM7R,150
B09XJ1LM7R,257
B09XJ1LM7R,142
B09XJ1LM7R,111
B084N133Y7,18
B084N133Y7,241
B084N133Y7,186
B084N133Y7,242
B084N133Y7,284
B088Z1YWBC,150
B088Z1YWBC,257
B088Z1YWBC,54
B07VSG5SXZ,150
B07VSG5SXZ,257
B07VSG5SXZ,142
B07VSG5SXZ,242
B07VSG5SXZ,276
B08RWCZ6SY,150
B08RWCZ6SY,257
B08RWCZ6SY,142
B08RWCZ6SY,111
B07KSB1MLX,150
B07KSB1MLX,257
B07KSB1MLX,142
B07KSB1MLX,242
B07KSB1MLX,40
B081FG1QYX,18
B081FG1QYX,241
B081FG1QYX,186
B081FG1QYX,242
B081FG1QYX,284
B08R69WBN7,18
B08R69WBN7,241
B08R69WBN7,186
B08R69WBN7,242
B08R69WBN7,284
B0B3RHX6B6,18
B0B3RHX6B6,241
B0B3RHX6B6,186
B0B3RHX6B6,242
B0B3RHX6B6,284
B084N18QZY,18
B084N18QZY,241
B084N18QZY,186
B084N18QZY,242
B084N18QZY,284
B081NHWT6Z,150
B081NHWT6Z,257
B081NHWT6Z,142
B081NHWT6Z,111
B07JPJJZ2H,18
B07JPJJZ2H,241
B07JPJJZ2H,186
B07JPJJZ2H,242
B07JPJJZ2H,284
B09JKNF147,150
B09JKNF147,257
B09JKNF147,142
B09JKNF147,111
B0B9959XF3,150
B0B9959XF3,257
B0B9959XF3,164
B0B9959XF3,48
B09PNR6F8Q,18
B09PNR6F8Q,241
B09PNR6F8Q,186
B09PNR6F8Q,242
B09PNR6F8Q,284
B07M69276N,18
B07M69276N,8
B07M69276N,256
B07M69276N,125
B0B1YZ9CB8,150
B0B1YZ9CB8,257
B0B1YZ9CB8,164
B0B1YZ9CB8,48
B09YLYB9PB,18
B09YLYB9PB,241
B09YLYB9PB,186
B09YLYB9PB,242
B09YLYB9PB,284
B08CTNJ985,18
B08CTNJ985,241
B08CTNJ985,186
B08CTNJ985,242
B08CTNJ985,284
B0BP7XLX48,18
B0BP7XLX48,241
B0BP7XLX48,186
B0BP7XLX48,242
B0BP7XLX48,284
B09LHXNZLR,18
B09LHXNZLR,8
B09LHXNZLR,256
B09LHXNZLR,125
B0B3N8VG24,18
B0B3N8VG24,241
B0B3N8VG24,186
B0B3N8VG24,242
B0B3N8VG24,284
B08PSVBB2X,18
B08PSVBB2X,241
B08PSVBB2X,186
B08PSVBB2X,242
B08PSVBB2X,284
B0B3MQXNFB,18
B0B3MQXNFB,241
B0B3MQXNFB,186
B0B3MQXNFB,242
B0B3MQXNFB,284
B08XMSKKMM,150
B08XMSKKMM,257
B08XMSKKMM,142
B08XMSKKMM,111
B09L8DT7D6,150
B09L8DT7D6,257
B09L8DT7D6,142
B09L8DT7D6,111
B00GE55L22,18
B00GE55L22,241
B00GE55L22,186
B00GE55L22,242
B00GE55L22,284
B0162K34H2,18
B0162K34H2,241
B0162K34H2,186
B0162K34H2,242
B0162K34H2,284
B0B8SRZ5SV,18
B0B8SRZ5SV,241
B0B8SRZ5SV,186
B0B8SRZ5SV,242
B0B8SRZ5SV,284
B07CWNJLPC,18
B07CWNJLPC,241
B07CWNJLPC,186
B07CWNJLPC,242
B07CWNJLPC,284
B00NH12R1O,18
B00NH12R1O,241
B00NH12R1O,186
B00NH12R1O,242
B00NH12R1O,284
B0B8SSC5D9,18
B0B8SSC5D9,241
B0B8SSC5D9,186
B0B8SSC5D9,242
B0B8SSC5D9,284
B08WKG2MWT,18
B08WKG2MWT,241
B08WKG2MWT,186
B08WKG2MWT,242
B08WKG2MWT,284
B0B466C3G4,150
B0B466C3G4,257
B0B466C3G4,164
B0B466C3G4,48
B005LJQMZC,150
B005LJQMZC,257
B005LJQMZC,142
B005LJQMZC,242
B005LJQMZC,40
B07MDRGHWQ,150
B07MDRGHWQ,257
B07MDRGHWQ,164
B07MDRGHWQ,81
B07DC4RZPY,18
B07DC4RZPY,241
B07DC4RZPY,186
B07DC4RZPY,242
B07DC4RZPY,284
B0B15GSPQW,150
B0B15GSPQW,257
B0B15GSPQW,164
B0B15GSPQW,48
B08GJNM9N7,150
B08GJNM9N7,257
B08GJNM9N7,142
B08GJNM9N7,111
B09C6FML9B,18
B09C6FML9B,241
B09C6FML9B,186
B09C6FML9B,242
B09C6FML9B,284
B0B65MJ45G,18
B0B65MJ45G,241
B0B65MJ45G,186
B0B65MJ45G,242
B0B65MJ45G,284
B08P9RYPLR,18
B08P9RYPLR,241
B08P9RYPLR,186
B08P9RYPLR,242
B08P9RYPLR,284
B0B6F8HHR6,150
B0B6F8HHR6,257
B0B6F8HHR6,164
B0B6F8HHR6,48
B084MZXJN6,18
B084MZXJN6,241
B084MZXJN6,186
B084MZXJN6,242
B084MZXJN6,284
B08XMG618K,18
B08XMG618K,241
B08XMG618K,186
B08XMG618K,242
B08XMG618K,284
B0BCKWZ884,150
B0BCKWZ884,257
B0BCKWZ884,142
B0BCKWZ884,111
B00GGGOYEK,18
B00GGGOYEK,241
B00GGGOYEK,186
B00GGGOYEK,242
B00GGGOYEK,284
B07ZR4S1G4,150
B07ZR4S1G4,257
B07ZR4S1G4,142
B07ZR4S1G4,111
B09C635BMM,150
B09C635BMM,257
B09C635BMM,142
B09C635BMM,111
B00GG59HU2,150
B00GG59HU2,257
B00GG59HU2,142
B00GG59HU2,242
B00GG59HU2,276
B00RGLI0ZS,18
B00RGLI0ZS,241
B00RGLI0ZS,186
B00RGLI0ZS,242
B00RGLI0ZS,284
B09ZPJT8B2,150
B09ZPJT8B2,257
B09ZPJT8B2,164
B09ZPJT8B2,48
B07HZ2QCGR,18
B07HZ2QCGR,241
B07HZ2QCGR,186
B07HZ2QCGR,242
B07HZ2QCGR,284
B095244Q22,18
B095244Q22,241
B095244Q22,186
B095244Q22,242
B095244Q22,284
B08CKW1KH9,150
B08CKW1KH9,257
B08CKW1KH9,142
B08CKW1KH9,111
B0BLV1GNLN,150
B0BLV1GNLN,257
B0BLV1GNLN,54
B08RHPDNVV,150
B08RHPDNVV,257
B08RHPDNVV,142
B08RHPDNVV,111
B00NH13Q8W,18
B00NH13Q8W,241
B00NH13Q8W,186
B00NH13Q8W,242
B00NH13Q8W,284
B0B8SSZ76F,18
B0B8SSZ76F,241
B0B8SSZ76F,186
B0B8SSZ76F,242
B0B8SSZ76F,284
B0841KQR1Z,150
B0841KQR1Z,257
B0841KQR1Z,142
B0841KQR1Z,111
B0B467CCB9,150
B0B467CCB9,257
B0B467CCB9,164
B0B467CCB9,81
B095JQVC7N,150
B095JQVC7N,257
B095JQVC7N,164
B095JQVC7N,48
B08PPHFXG3,150
B08PPHFXG3,257
B08PPHFXG3,142
B08PPHFXG3,242
B08PPHFXG3,276
B06XR9PR5X,150
B06XR9PR5X,124
B06XR9PR5X,142
B06XR9PR5X,213
B09JSW16QD,18
B09JSW16QD,241
B09JSW16QD,186
B09JSW16QD,242
B09JSW16QD,284
B07JH1CBGW,18
B07JH1CBGW,241
B07JH1CBGW,186
B07JH1CBGW,242
B07JH1CBGW,284
B09127FZCK,150
B09127FZCK,257
B09127FZCK,142
B09127FZCK,111
B083GQGT3Z,150
B083GQGT3Z,257
B083GQGT3Z,142
B083GQGT3Z,199
B083GQGT3Z,130
B09Q8WQ5QJ,18
B09Q8WQ5QJ,241
B09Q8WQ5QJ,186
B09Q8WQ5QJ,242
B09Q8WQ5QJ,284
B07YZG8PPY,150
B07YZG8PPY,257
B07YZG8PPY,182
B07YZG8PPY,15
B09H39KTTB,150
B09H39KTTB,257
B09H39KTTB,142
B09H39KTTB,111
B08DCVRW98,150
B08DCVRW98,257
B08DCVRW98,142
B08DCVRW98,111
B0718ZN31Q,150
B0718ZN31Q,257
B0718ZN31Q,142
B0718ZN31Q,242
B0718ZN31Q,276
B0162LYSFS,18
B0162LYSFS,241
B0162LYSFS,186
B0162LYSFS,242
B0162LYSFS,284
B07PFJ5VQD,18
B07PFJ5VQD,241
B07PFJ5VQD,186
B07PFJ5VQD,242
B07PFJ5VQD,284
B01J8S6X2I,18
B01J8S6X2I,241
B01J8S6X2I,186
B01J8S6X2I,242
B01J8S6X2I,157
B09MJ77786,150
B09MJ77786,257
B09MJ77786,164
B09MJ77786,48
B09NNGHG22,150
B09NNGHG22,257
B09NNGHG22,164
B09NNGHG22,48
B07V5YF4ND,150
B07V5YF4ND,257
B07V5YF4ND,142
B07V5YF4ND,111
B0B65P827P,18
B0B65P827P,241
B0B65P827P,186
B0B65P827P,242
B0B65P827P,284
B084MZYBTV,18
B084MZYBTV,241
B084MZYBTV,186
B084MZYBTV,242
B084MZYBTV,284
B097ZQTDVZ,150
B097ZQTDVZ,257
B097ZQTDVZ,142
B097ZQTDVZ,111
B0B5F3YZY4,18
B0B5F3YZY4,241
B0B5F3YZY4,186
B0B5F3YZY4,242
B0B5F3YZY4,284
B09G5TSGXV,18
B09G5TSGXV,241
B09G5TSGXV,186
B09G5TSGXV,242
B09G5TSGXV,284
B006LW0WDQ,150
B006LW0WDQ,257
B006LW0WDQ,142
B006LW0WDQ,242
B006LW0WDQ,195
B09YLX91QR,18
B09YLX91QR,241
B09YLX91QR,186
B09YLX91QR,242
B09YLX91QR,284
B081FJWN52,18
B081FJWN52,241
B081FJWN52,186
B081FJWN52,242
B081FJWN52,284
B0758F7KK7,150
B0758F7KK7,257
B0758F7KK7,142
B0758F7KK7,199
B0758F7KK7,130
B09L835C3V,150
B09L835C3V,257
B09L835C3V,142
B09L835C3V,111
B098TV3L96,150
B098TV3L96,257
B098TV3L96,142
B098TV3L96,111
B08NCKT9FG,18
B08NCKT9FG,241
B08NCKT9FG,186
B08NCKT9FG,242
B08NCKT9FG,284
B0B4T6MR8N,18
B0B4T6MR8N,241
B0B4T6MR8N,186
B0B4T6MR8N,242
B0B4T6MR8N,284
B01GGKZ4NU,18
B01GGKZ4NU,241
B01GGKZ4NU,186
B01GGKZ4NU,242
B01GGKZ4NU,284
B09BW2GP18,18
B09BW2GP18,241
B09BW2GP18,186
B09BW2GP18,242
B09BW2GP18,284
B09WN3SRC7,150
B09WN3SRC7,257
B09WN3SRC7,164
B09WN3SRC7,48
B09B125CFJ,150
B09B125CFJ,257
B09B125CFJ,142
B09B125CFJ,111
B09RQRZW2X,150
B09RQRZW2X,257
B09RQRZW2X,142
B09RQRZW2X,111
B07924P3C5,18
B07924P3C5,241
B07924P3C5,186
B07924P3C5,242
B07924P3C5,284
B08N1WL9XW,18
B08N1WL9XW,241
B08N1WL9XW,186
B08N1WL9XW,242
B08N1WL9XW,284
B07VVXJ2P5,150
B07VVXJ2P5,257
B07VVXJ2P5,142
B07VVXJ2P5,199
B07VVXJ2P5,130
B0BC8BQ432,150
B0BC8BQ432,257
B0BC8BQ432,164
B0BC8BQ432,48
B06XFTHCNY,150
B06XFTHCNY,257
B06XFTHCNY,142
B06XFTHCNY,242
B06XFTHCNY,188
B08CT62BM1,18
B08CT62BM1,241
B08CT62BM1,186
B08CT62BM1,242
B08CT62BM1,284
B07CRL2GY6,18
B07CRL2GY6,241
B07CRL2GY6,186
B07CRL2GY6,242
B07CRL2GY6,284
B07DWFX9YS,18
B07DWFX9YS,241
B07DWFX9YS,186
B07DWFX9YS,242
B07DWFX9YS,284
B01D5H90L4,150
B01D5H90L4,257
B01D5H90L4,142
B01D5H90L4,242
B01D5H90L4,276
B07F1P8KNV,18
B07F1P8KNV,241
B07F1P8KNV,186
B07F1P8KNV,242
B07F1P8KNV,284
B084N1BM9L,18
B084N1BM9L,241
B084N1BM9L,186
B084N1BM9L,242
B084N1BM9L,284
B09F6D21BY,150
B09F6D21BY,257
B09F6D21BY,142
B09F6D21BY,111
B09LQQYNZQ,150
B09LQQYNZQ,124
B09LQQYNZQ,84
B09LQQYNZQ,315
B0BC9BW512,150
B0BC9BW512,257
B0BC9BW512,164
B0BC9BW512,48
B0B61HYR92,18
B0B61HYR92,241
B0B61HYR92,186
B0B61HYR92,242
B0B61HYR92,284
B075ZTJ9XR,150
B075ZTJ9XR,257
B075ZTJ9XR,142
B075ZTJ9XR,242
B075ZTJ9XR,276
B0978V2CP6,150
B0978V2CP6,257
B0978V2CP6,30
B09LRZYBH1,150
B09LRZYBH1,124
B09LRZYBH1,56
B09LRZYBH1,269
B0B997FBZT,150
B0B997FBZT,257
B0B997FBZT,164
B0B997FBZT,48
B098LCVYPW,150
B098LCVYPW,257
B098LCVYPW,142
B098LCVYPW,111
B09HV71RL1,18
B09HV71RL1,241
B09HV71RL1,186
B09HV71RL1,242
B09HV71RL1,284
B08PZ6HZLT,150
B08PZ6HZLT,257
B08PZ6HZLT,164
B08PZ6HZLT,48
B075TJHWVC,150
B075TJHWVC,257
B075TJHWVC,182
B075TJHWVC,15
B09LV13JFB,150
B09LV13JFB,257
B09LV13JFB,142
B09LV13JFB,111
B092BL5DCX,150
B092BL5DCX,257
B092BL5DCX,164
B092BL5DCX,48
B09VH568H7,18
B09VH568H7,241
B09VH568H7,186
B09VH568H7,242
B09VH568H7,284
B09HQSV46W,150
B09HQSV46W,257
B09HQSV46W,164
B09HQSV46W,48
B08TZD7FQN,150
B08TZD7FQN,257
B08TZD7FQN,142
B08TZD7FQN,111
B0B21XL94T,150
B0B21XL94T,257
B0B21XL94T,164
B0B21XL94T,48
B09PTT8DZF,18
B09PTT8DZF,241
B09PTT8DZF,186
B09PTT8DZF,242
B09PTT8DZF,284
B0B3XXSB1K,150
B0B3XXSB1K,257
B0B3XXSB1K,164
B0B3XXSB1K,48
B08RZ12GKR,150
B08RZ12GKR,257
B08RZ12GKR,142
B08RZ12GKR,111
B0B4T8RSJ1,18
B0B4T8RSJ1,241
B0B4T8RSJ1,186
B0B4T8RSJ1,242
B0B4T8RSJ1,284
B0B7B9V9QP,150
B0B7B9V9QP,257
B0B7B9V9QP,164
B0B7B9V9QP,48
B08XXVXP3J,18
B08XXVXP3J,241
B08XXVXP3J,186
B08XXVXP3J,242
B08XXVXP3J,284
B06XGWRKYT,150
B06XGWRKYT,257
B06XGWRKYT,164
B06XGWRKYT,81
B07CWDX49D,18
B07CWDX49D,241
B07CWDX49D,186
B07CWDX49D,242
B07CWDX49D,284
B09TY4MSH3,150
B09TY4MSH3,257
B09TY4MSH3,142
B09TY4MSH3,111
B07RY2X9MP,150
B07RY2X9MP,257
B07RY2X9MP,142
B07RY2X9MP,242
B07RY2X9MP,276
B0B2C5MJN6,150
B0B2C5MJN6,257
B0B2C5MJN6,164
B0B2C5MJN6,48
B0BBMGLQDW,150
B0BBMGLQDW,257
B0BBMGLQDW,142
B0BBMGLQDW,242
B0BBMGLQDW,276
B01LONQBDG,18
B01LONQBDG,241
B01LONQBDG,186
B01LONQBDG,242
B01LONQBDG,284
B08XXF5V6G,150
B08XXF5V6G,257
B08XXF5V6G,164
B08XXF5V6G,48
B09HK9JH4F,150
B09HK9JH4F,257
B09HK9JH4F,142
B09HK9JH4F,111
B09MMD1FDN,150
B09MMD1FDN,257
B09MMD1FDN,142
B09MMD1FDN,111
B09HN7LD5L,150
B09HN7LD5L,257
B09HN7LD5L,142
B09HN7LD5L,199
B09HN7LD5L,130
B0BNDD9TN6,150
B0BNDD9TN6,257
B0BNDD9TN6,54
B0941392C8,18
B0941392C8,241
B0941392C8,186
B0941392C8,242
B0941392C8,284
B01M5967SY,150
B01M5967SY,257
B01M5967SY,142
B01M5967SY,242
B01M5967SY,276
B016MDK4F4,150
B016MDK4F4,257
B016MDK4F4,142
B016MDK4F4,242
B016MDK4F4,276
B08G43CCLC,18
B08G43CCLC,8
B08G43CCLC,256
B08G43CCLC,125
B0B61GCHC1,18
B0B61GCHC1,241
B0B61GCHC1,186
B0B61GCHC1,242
B0B61GCHC1,284
B07RX14W1Q,150
B07RX14W1Q,257
B07RX14W1Q,142
B07RX14W1Q,242
B07RX14W1Q,276
B09PLD9TCD,150
B09PLD9TCD,257
B09PLD9TCD,164
B09PLD9TCD,48
B0B8ZKWGKD,150
B0B8ZKWGKD,257
B0B8ZKWGKD,142
B0B8ZKWGKD,199
B0B8ZKWGKD,130
B09NNJ9WYM,150
B09NNJ9WYM,257
B09NNJ9WYM,164
B09NNJ9WYM,48
B08H5L8V1L,18
B08H5L8V1L,241
B08H5L8V1L,186
B08H5L8V1L,242
B08H5L8V1L,284
B0B8CXTTG3,150
B0B8CXTTG3,257
B0B8CXTTG3,164
B0B8CXTTG3,48
B09HCH3JZG,150
B09HCH3JZG,257
B09HCH3JZG,142
B09HCH3JZG,242
B09HCH3JZG,276
B097JVLW3L,150
B097JVLW3L,257
B097JVLW3L,142
B097JVLW3L,219
B09SB6SJB4,18
B09SB6SJB4,241
B09SB6SJB4,186
B09SB6SJB4,242
B09SB6SJB4,284
B08NW8GHCJ,18
B08NW8GHCJ,241
B08NW8GHCJ,186
B08NW8GHCJ,242
B08NW8GHCJ,284
B09YHLPQYT,150
B09YHLPQYT,257
B09YHLPQYT,142
B09YHLPQYT,111
B08G1RW2Q3,18
B08G1RW2Q3,241
B08G1RW2Q3,186
B08G1RW2Q3,242
B08G1RW2Q3,284
B08YXJJW8H,150
B08YXJJW8H,257
B08YXJJW8H,142
B08YXJJW8H,111
B09P8M18QM,150
B09P8M18QM,257
B09P8M18QM,142
B09P8M18QM,111
B08BG4M4N7,150
B08BG4M4N7,257
B08BG4M4N7,142
B08BG4M4N7,111
B07VJ9ZTXS,150
B07VJ9ZTXS,257
B07VJ9ZTXS,142
B07VJ9ZTXS,242
B07VJ9ZTXS,276
B084872DQY,150
B084872DQY,257
B084872DQY,164
B084872DQY,48
B00GGGOYEU,18
B00GGGOYEU,241
B00GGGOYEU,186
B00GGGOYEU,242
B00GGGOYEU,284
B08FD2VSD9,150
B08FD2VSD9,257
B08FD2VSD9,164
B08FD2VSD9,48
B095JPKPH3,150
B095JPKPH3,257
B095JPKPH3,164
B095JPKPH3,48
B087JWLZ2K,150
B087JWLZ2K,257
B087JWLZ2K,164
B087JWLZ2K,48
B09DSXK8JX,150
B09DSXK8JX,257
B09DSXK8JX,164
B09DSXK8JX,48
B08V9C4B1J,18
B08V9C4B1J,241
B08V9C4B1J,186
B08V9C4B1J,242
B08V9C4B1J,284
B08PKBMJKS,150
B08PKBMJKS,257
B08PKBMJKS,142
B08PKBMJKS,111
B0B8VQ7KDS,150
B0B8VQ7KDS,257
B0B8VQ7KDS,182
B0B8VQ7KDS,15
B086JTMRYL,18
B086JTMRYL,241
B086JTMRYL,186
B086JTMRYL,242
B086JTMRYL,284
B09RWQ7YR6,150
B09RWQ7YR6,257
B09RWQ7YR6,164
B09RWQ7YR6,48
B00OFM6PEO,18
B00OFM6PEO,241
B00OFM6PEO,186
B00OFM6PEO,242
B00OFM6PEO,284
B0BF57RN3K,150
B0BF57RN3K,298
B0BF57RN3K,100
B0B3RRWSF6,150
B0B3RRWSF6,298
B0B3RRWSF6,100
B0B5B6PQCT,150
B0B5B6PQCT,298
B0B5B6PQCT,100
B08HV83HL3,150
B08HV83HL3,303
B08HV83HL3,208
B08HV83HL3,159
B08HV83HL3,106
B0BBN4DZBD,150
B0BBN4DZBD,303
B0BBN4DZBD,36
B0BBN4DZBD,205
B0B3CPQ5PF,150
B0B3CPQ5PF,303
B0B3CPQ5PF,36
B0B3CPQ5PF,205
B0B3CQBRB4,150
B0B3CQBRB4,303
B0B3CQBRB4,36
B0B3CQBRB4,205
B0BBN56J5H,150
B0BBN56J5H,303
B0BBN56J5H,36
B0BBN56J5H,205
B0BBN3WF7V,150
B0BBN3WF7V,303
B0BBN3WF7V,36
B0BBN3WF7V,205
B0BDRVFDKP,150
B0BDRVFDKP,142
B0BDRVFDKP,238
B0BDRVFDKP,196
B0B5LVS732,150
B0B5LVS732,298
B0B5LVS732,100
B09V2Q4QVQ,150
B09V2Q4QVQ,303
B09V2Q4QVQ,36
B09V2Q4QVQ,240
B09V12K8NT,150
B09V12K8NT,298
B09V12K8NT,100
B01DEWVZ2C,150
B01DEWVZ2C,86
B01DEWVZ2C,112
B01DEWVZ2C,286
B0BMGB3CH9,150
B0BMGB3CH9,303
B0BMGB3CH9,36
B0BMGB3CH9,205
B08D77XZX5,150
B08D77XZX5,86
B08D77XZX5,112
B08D77XZX5,286
B09XB8GFBQ,150
B09XB8GFBQ,303
B09XB8GFBQ,36
B09XB8GFBQ,205
B07WG8PDCW,150
B07WG8PDCW,303
B07WG8PDCW,208
B07WG8PDCW,159
B07WG8PDCW,74
B07GPXXNNG,150
B07GPXXNNG,86
B07GPXXNNG,112
B07GPXXNNG,286
B0BDYVC5TD,150
B0BDYVC5TD,142
B0BDYVC5TD,238
B0BDYVC5TD,196
B0BMGB2TPR,150
B0BMGB2TPR,303
B0BMGB2TPR,36
B0BMGB2TPR,205
B08MC57J31,150
B08MC57J31,303
B08MC57J31,208
B08MC57J31,159
B08MC57J31,106
B08HVL8QN3,150
B08HVL8QN3,303
B08HVL8QN3,208
B08HVL8QN3,159
B08HVL8QN3,106
B0746JGVDS,150
B0746JGVDS,303
B0746JGVDS,208
B0746JGVDS,308
B0746JGVDS,77
B08VFF6JQ8,150
B08VFF6JQ8,303
B08VFF6JQ8,208
B08VFF6JQ8,159
B08VFF6JQ8,307
B09NVPSCQT,150
B09NVPSCQT,298
B09NVPSCQT,100
B09YV4RG4D,150
B09YV4RG4D,298
B09YV4RG4D,100
B09TWHTBKQ,150
B09TWHTBKQ,303
B09TWHTBKQ,36
B09TWHTBKQ,205
B08L5HMJVW,150
B08L5HMJVW,142
B08L5HMJVW,238
B08L5HMJVW,196
B0B4F2XCK3,150
B0B4F2XCK3,303
B0B4F2XCK3,36
B0B4F2XCK3,205
B0BF54972T,150
B0BF54972T,298
B0BF54972T,100
B09YV4MW2T,150
B09YV4MW2T,298
B09YV4MW2T,100
B09TWH8YHM,150
B09TWH8YHM,303
B09TWH8YHM,36
B09TWH8YHM,205
B07WGMMQGP,150
B07WGMMQGP,303
B07WGMMQGP,36
B07WGMMQGP,205
B0BF563HB4,150
B0BF563HB4,298
B0BF563HB4,100
B09GFPVD9Y,150
B09GFPVD9Y,303
B09GFPVD9Y,36
B09GFPVD9Y,205
B09GFLXVH9,150
B09GFLXVH9,303
B09GFLXVH9,36
B09GFLXVH9,205
B0BF4YBLPX,150
B0BF4YBLPX,298
B0BF4YBLPX,100
B09XB7DPW1,150
B09XB7DPW1,303
B09XB7DPW1,36
B09XB7DPW1,205
B07PFJ5W31,150
B07PFJ5W31,303
B07PFJ5W31,208
B07PFJ5W31,66
B07PFJ5W31,180
B0B3N7LR6K,150
B0B3N7LR6K,298
B0B3N7LR6K,100
B09ZQK9X8G,150
B09ZQK9X8G,298
B09ZQK9X8G,100
B07WJV6P1R,150
B07WJV6P1R,303
B07WJV6P1R,36
B07WJV6P1R,205
B0BF54LXW6,150
B0BF54LXW6,298
B0BF54LXW6,100
B09XB7SRQ5,150
B09XB7SRQ5,303
B09XB7SRQ5,36
B09XB7SRQ5,205
B09FFK1PQG,150
B09FFK1PQG,303
B09FFK1PQG,208
B09FFK1PQG,159
B09FFK1PQG,74
B09RMQYHLH,150
B09RMQYHLH,303
B09RMQYHLH,36
B09RMQYHLH,205
B08ZN4B121,150
B08ZN4B121,303
B08ZN4B121,208
B08ZN4B121,2
B08ZN4B121,229
B0B3RSDSZ3,150
B0B3RSDSZ3,298
B0B3RSDSZ3,100
B08VB34KJ1,150
B08VB34KJ1,303
B08VB34KJ1,36
B08VB34KJ1,205
B09T39K9YL,150
B09T39K9YL,303
B09T39K9YL,36
B09T39K9YL,205
B08VF8V79P,150
B08VF8V79P,303
B08VF8V79P,208
B08VF8V79P,159
B08VF8V79P,307
B08G28Z33M,150
B08G28Z33M,86
B08G28Z33M,112
B08G28Z33M,286
B09PNKXSKF,150
B09PNKXSKF,298
B09PNKXSKF,100
B0B5DDJNH4,150
B0B5DDJNH4,298
B0B5DDJNH4,100
B07WDKLDRX,150
B07WDKLDRX,303
B07WDKLDRX,36
B07WDKLDRX,205
B09MQSCJQ1,150
B09MQSCJQ1,298
B09MQSCJQ1,100
B094YFFSMY,150
B094YFFSMY,303
B094YFFSMY,208
B094YFFSMY,2
B094YFFSMY,211
B09MT84WV5,150
B09MT84WV5,142
B09MT84WV5,238
B09MT84WV5,196
B08VS3YLRK,150
B08VS3YLRK,303
B08VS3YLRK,208
B08VS3YLRK,159
B08VS3YLRK,307
B0B4F3QNDM,150
B0B4F3QNDM,303
B0B4F3QNDM,36
B0B4F3QNDM,205
B07GQD4K6L,150
B07GQD4K6L,86
B07GQD4K6L,112
B07GQD4K6L,286
B07WDKLRM4,150
B07WDKLRM4,303
B07WDKLRM4,36
B07WDKLRM4,205
B0BP18W8TM,150
B0BP18W8TM,298
B0BP18W8TM,100
B07GXHC691,150
B07GXHC691,303
B07GXHC691,208
B07GXHC691,52
B08FN6WGDQ,150
B08FN6WGDQ,86
B08FN6WGDQ,112
B08FN6WGDQ,286
B0B3D39RKV,150
B0B3D39RKV,303
B0B3D39RKV,36
B0B3D39RKV,205
B085HY1DGR,18
B085HY1DGR,241
B085HY1DGR,186
B085HY1DGR,151
B08D75R3Z1,150
B08D75R3Z1,86
B08D75R3Z1,112
B08D75R3Z1,286
B0B4F2TTTS,150
B0B4F2TTTS,303
B0B4F2TTTS,36
B0B4F2TTTS,205
B09WRMNJ9G,150
B09WRMNJ9G,303
B09WRMNJ9G,36
B09WRMNJ9G,205
B0B14MR9L1,150
B0B14MR9L1,303
B0B14MR9L1,36
B0B14MR9L1,205
B09ZPL5VYM,150
B09ZPL5VYM,303
B09ZPL5VYM,208
B09ZPL5VYM,52
B0993BB11X,150
B0993BB11X,303
B0993BB11X,208
B0993BB11X,159
B0993BB11X,106
B09V2PZDX8,150
B09V2PZDX8,303
B09V2PZDX8,36
B09V2PZDX8,240
B085W8CFLH,150
B085W8CFLH,86
B085W8CFLH,112
B085W8CFLH,286
B09MT6XSFW,150
B09MT6XSFW,142
B09MT6XSFW,238
B09MT6XSFW,196
B07RD611Z8,150
B07RD611Z8,303
B07RD611Z8,208
B07RD611Z8,159
B07RD611Z8,106
B0B4F52B5X,150
B0B4F52B5X,303
B0B4F52B5X,36
B0B4F52B5X,205
B096VF5YYF,150
B096VF5YYF,298
B096VF5YYF,100
B0B5D39BCD,150
B0B5D39BCD,298
B0B5D39BCD,100
B09XBJ1CTN,150
B09XBJ1CTN,303
B09XBJ1CTN,208
B09XBJ1CTN,159
B09XBJ1CTN,307
B0B4F5L738,150
B0B4F5L738,303
B0B4F5L738,36
B0B4F5L738,205
B08MTCKDYN,150
B08MTCKDYN,303
B08MTCKDYN,208
B08MTCKDYN,234
B09QS8V5N8,150
B09QS8V5N8,303
B09QS8V5N8,36
B09QS8V5N8,205
B09T2WRLJJ,150
B09T2WRLJJ,303
B09T2WRLJJ,36
B09T2WRLJJ,205
B089WB69Y1,150
B089WB69Y1,303
B089WB69Y1,208
B089WB69Y1,159
B089WB69Y1,307
B0116MIKKC,150
B0116MIKKC,303
B0116MIKKC,208
B0116MIKKC,159
B0116MIKKC,307
B09P858DK8,150
B09P858DK8,303
B09P858DK8,208
B09P858DK8,308
B09P858DK8,77
B07DJLFMPS,150
B07DJLFMPS,142
B07DJLFMPS,238
B07DJLFMPS,196
B07WHQWXL7,150
B07WHQWXL7,303
B07WHQWXL7,36
B07WHQWXL7,205
B07WDK3ZS6,150
B07WDK3ZS6,303
B07WDK3ZS6,36
B07WDK3ZS6,205
B09T2S8X9C,150
B09T2S8X9C,303
B09T2S8X9C,36
B09T2S8X9C,205
B07S9S86BF,150
B07S9S86BF,86
B07S9S86BF,112
B07S9S86BF,286
B07N8RQ6W7,150
B07N8RQ6W7,303
B07N8RQ6W7,208
B07N8RQ6W7,52
B09FKDH6FS,150
B09FKDH6FS,303
B09FKDH6FS,36
B09FKDH6FS,205
B08HVJCW95,150
B08HVJCW95,303
B08HVJCW95,208
B08HVJCW95,159
B08HVJCW95,106
B09YDFDVNS,150
B09YDFDVNS,303
B09YDFDVNS,36
B09YDFDVNS,240
B07WGPKTS4,150
B07WGPKTS4,303
B07WGPKTS4,36
B07WGPKTS4,205
B09MZCQYHZ,150
B09MZCQYHZ,303
B09MZCQYHZ,208
B09MZCQYHZ,159
B09MZCQYHZ,106
B0B4F2ZWL3,150
B0B4F2ZWL3,303
B0B4F2ZWL3,36
B0B4F2ZWL3,205
B08VB2CMR3,150
B08VB2CMR3,303
B08VB2CMR3,36
B08VB2CMR3,205
B095RTJH1M,150
B095RTJH1M,303
B095RTJH1M,208
B095RTJH1M,21
B095RTJH1M,149
B097R25DP7,150
B097R25DP7,298
B097R25DP7,100
B09YDFKJF8,150
B09YDFKJF8,303
B09YDFKJF8,36
B09YDFKJF8,240
B07WDK3ZS2,150
B07WDK3ZS2,303
B07WDK3ZS2,36
B07WDK3ZS2,205
B08RZ5K9YH,150
B08RZ5K9YH,303
B08RZ5K9YH,208
B08RZ5K9YH,159
B08RZ5K9YH,307
B08444S68L,150
B08444S68L,303
B08444S68L,36
B08444S68L,205
B07WHQBZLS,150
B07WHQBZLS,303
B07WHQBZLS,36
B07WHQBZLS,205
B09JS562TP,150
B09JS562TP,303
B09JS562TP,36
B09JS562TP,240
B09V17S2BG,150
B09V17S2BG,298
B09V17S2BG,100
B0B5CGTBKV,150
B0B5CGTBKV,298
B0B5CGTBKV,100
B0B23LW7NV,150
B0B23LW7NV,303
B0B23LW7NV,208
B0B23LW7NV,21
B0B23LW7NV,149
B09KGV7WSV,150
B09KGV7WSV,303
B09KGV7WSV,208
B09KGV7WSV,117
B0971DWFDT,150
B0971DWFDT,303
B0971DWFDT,208
B0971DWFDT,159
B0971DWFDT,74
B0BNV7JM5Y,150
B0BNV7JM5Y,298
B0BNV7JM5Y,100
B0B53QFZPY,150
B0B53QFZPY,298
B0B53QFZPY,100
B07WJWRNVK,150
B07WJWRNVK,303
B07WJWRNVK,36
B07WJWRNVK,205
B01F25X6RQ,150
B01F25X6RQ,86
B01F25X6RQ,112
B01F25X6RQ,286
B0B244R4KB,150
B0B244R4KB,303
B0B244R4KB,208
B0B244R4KB,21
B0B244R4KB,149
B0BMGG6NKT,150
B0BMGG6NKT,303
B0BMGG6NKT,36
B0BMGG6NKT,205
B092JHPL72,150
B092JHPL72,303
B092JHPL72,208
B092JHPL72,226
B092JHPL72,119
B09GFM8CGS,150
B09GFM8CGS,303
B09GFM8CGS,36
B09GFM8CGS,205
B0B3MWYCHQ,150
B0B3MWYCHQ,298
B0B3MWYCHQ,100
B09J2MM5C6,150
B09J2MM5C6,303
B09J2MM5C6,208
B09J2MM5C6,309
B09J2MM5C6,220
B07Q4QV1DL,150
B07Q4QV1DL,303
B07Q4QV1DL,208
B07Q4QV1DL,52
B0B56YRBNT,150
B0B56YRBNT,303
B0B56YRBNT,36
B0B56YRBNT,205
B01DF26V7A,150
B01DF26V7A,86
B01DF26V7A,112
B01DF26V7A,286
B08K4PSZ3V,150
B08K4PSZ3V,303
B08K4PSZ3V,208
B08K4PSZ3V,117
B0B4F1YC3J,150
B0B4F1YC3J,303
B0B4F1YC3J,36
B0B4F1YC3J,205
B08K4RDQ71,150
B08K4RDQ71,303
B08K4RDQ71,208
B08K4RDQ71,117
B085CZ3SR1,150
B085CZ3SR1,303
B085CZ3SR1,208
B085CZ3SR1,159
B085CZ3SR1,307
B09YV3K34W,150
B09YV3K34W,298
B09YV3K34W,100
B09Z6WH2N1,150
B09Z6WH2N1,303
B09Z6WH2N1,208
B09Z6WH2N1,234
B09NL4DJ2Z,18
B09NL4DJ2Z,241
B09NL4DJ2Z,186
B09NL4DJ2Z,242
B09NL4DJ2Z,284
B0BGSV43WY,150
B0BGSV43WY,298
B0BGSV43WY,100
B0926V9CTV,150
B0926V9CTV,303
B0926V9CTV,208
B0926V9CTV,52
B07WGPKMP5,150
B07WGPKMP5,303
B07WGPKMP5,36
B07WGPKMP5,205
B0BBFJ9M3X,150
B0BBFJ9M3X,303
B0BBFJ9M3X,36
B0BBFJ9M3X,205
B09PLFJ7ZW,150
B09PLFJ7ZW,298
B09PLFJ7ZW,100
B0B53NXFFR,150
B0B53NXFFR,298
B0B53NXFFR,100
B07GNC2592,150
B07GNC2592,303
B07GNC2592,208
B07GNC2592,308
B07GNC2592,77
B09TP5KBN7,150
B09TP5KBN7,303
B09TP5KBN7,208
B09TP5KBN7,159
B09TP5KBN7,307
B0949SBKMP,150
B0949SBKMP,298
B0949SBKMP,100
B09V175NP7,150
B09V175NP7,298
B09V175NP7,100
B07WHSJXLF,150
B07WHSJXLF,303
B07WHSJXLF,36
B07WHSJXLF,205
B0BD3T6Z1D,150
B0BD3T6Z1D,303
B0BD3T6Z1D,36
B0BD3T6Z1D,205
B09LHYZ3GJ,150
B09LHYZ3GJ,303
B09LHYZ3GJ,36
B09LHYZ3GJ,205
B07WFPMGQQ,150
B07WFPMGQQ,303
B07WFPMGQQ,36
B07WFPMGQQ,205
B09QS9X9L8,150
B09QS9X9L8,303
B09QS9X9L8,36
B09QS9X9L8,205
B0B6BLTGTT,150
B0B6BLTGTT,298
B0B6BLTGTT,100
B084DTMYWK,150
B084DTMYWK,303
B084DTMYWK,208
B084DTMYWK,159
B084DTMYWK,307
B0B53QLB9H,150
B0B53QLB9H,298
B0B53QLB9H,100
B0BDYW3RN3,150
B0BDYW3RN3,142
B0BDYW3RN3,238
B0BDYW3RN3,196
B0B3RS9DNF,150
B0B3RS9DNF,298
B0B3RS9DNF,100
B09QS9X16F,150
B09QS9X16F,303
B09QS9X16F,36
B09QS9X16F,205
B08HV25BBQ,150
B08HV25BBQ,298
B08HV25BBQ,100
B09LJ116B5,150
B09LJ116B5,303
B09LJ116B5,36
B09LJ116B5,205
B0BMVWKZ8G,150
B0BMVWKZ8G,298
B0BMVWKZ8G,100
B0BD92GDQH,150
B0BD92GDQH,298
B0BD92GDQH,100
B0B5GF6DQD,150
B0B5GF6DQD,298
B0B5GF6DQD,100
B09JS94MBV,150
B09JS94MBV,303
B09JS94MBV,36
B09JS94MBV,240
B09YV463SW,150
B09YV463SW,298
B09YV463SW,100
B09NL4DCXK,150
B09NL4DCXK,303
B09NL4DCXK,208
B09NL4DCXK,159
B09NL4DCXK,307
B0B8CHJLWJ,150
B0B8CHJLWJ,303
B0B8CHJLWJ,208
B0B8CHJLWJ,21
B0B8CHJLWJ,149
B0B8ZWNR5T,150
B0B8ZWNR5T,303
B0B8ZWNR5T,208
B0B8ZWNR5T,234
B0BBFJLP21,150
B0BBFJLP21,303
B0BBFJLP21,36
B0BBFJLP21,205
B01F262EUU,150
B01F262EUU,86
B01F262EUU,112
B01F262EUU,286
B09VZBGL1N,150
B09VZBGL1N,303
B09VZBGL1N,208
B09VZBGL1N,52
B0BNVBJW2S,150
B0BNVBJW2S,298
B0BNVBJW2S,100
B0B2DJ5RVQ,150
B0B2DJ5RVQ,303
B0B2DJ5RVQ,208
B0B2DJ5RVQ,226
B0B2DJ5RVQ,28
B096TWZRJC,150
B096TWZRJC,303
B096TWZRJC,208
B096TWZRJC,226
B096TWZRJC,119
B09GP6FBZT,150
B09GP6FBZT,303
B09GP6FBZT,208
B09GP6FBZT,21
B09GP6FBZT,149
B0B3DV7S9B,150
B0B3DV7S9B,303
B0B3DV7S9B,208
B0B3DV7S9B,52
B09MKP344P,150
B09MKP344P,303
B09MKP344P,36
B09MKP344P,205
B08JW1GVS7,150
B08JW1GVS7,303
B08JW1GVS7,208
B08JW1GVS7,159
B08JW1GVS7,106
B09LHZSMRR,150
B09LHZSMRR,303
B09LHZSMRR,36
B09LHZSMRR,205
B0B5V47VK4,150
B0B5V47VK4,303
B0B5V47VK4,36
B0B5V47VK4,205
B08H21B6V7,150
B08H21B6V7,303
B08H21B6V7,36
B08H21B6V7,240
B09BNXQ6BR,150
B09BNXQ6BR,298
B09BNXQ6BR,100
B01FSYQ2A4,150
B01FSYQ2A4,86
B01FSYQ2A4,112
B01FSYQ2A4,34
B08L5FM4JC,150
B08L5FM4JC,142
B08L5FM4JC,238
B08L5FM4JC,196
B0B54Y2SNX,150
B0B54Y2SNX,303
B0B54Y2SNX,208
B0B54Y2SNX,159
B0B54Y2SNX,307
B08BQ947H3,18
B08BQ947H3,241
B08BQ947H3,203
B08BQ947H3,145
B0B7DHSKS7,150
B0B7DHSKS7,303
B0B7DHSKS7,36
B0B7DHSKS7,240
B09SJ1FTYV,150
B09SJ1FTYV,303
B09SJ1FTYV,208
B09SJ1FTYV,309
B09SJ1FTYV,220
B09XJ5LD6L,150
B09XJ5LD6L,303
B09XJ5LD6L,36
B09XJ5LD6L,205
B07WHS7MZ1,150
B07WHS7MZ1,303
B07WHS7MZ1,36
B07WHS7MZ1,205
B0BBVKRP7B,150
B0BBVKRP7B,298
B0BBVKRP7B,100
B09NY7W8YD,150
B09NY7W8YD,303
B09NY7W8YD,36
B09NY7W8YD,205
B0BMM7R92G,150
B0BMM7R92G,298
B0BMM7R92G,100
B08M66K48D,150
B08M66K48D,303
B08M66K48D,208
B08M66K48D,21
B08M66K48D,149
B09RFB2SJQ,150
B09RFB2SJQ,298
B09RFB2SJQ,100
B0B82YGCF6,150
B0B82YGCF6,298
B0B82YGCF6,100
B08HF4W2CT,150
B08HF4W2CT,303
B08HF4W2CT,208
B08HF4W2CT,159
B08HF4W2CT,106
B08BCKN299,150
B08BCKN299,86
B08BCKN299,213
B0B2X35B1K,150
B0B2X35B1K,298
B0B2X35B1K,100
B09QS9CWLV,150
B09QS9CWLV,303
B09QS9CWLV,36
B09QS9CWLV,205
B0B1NX6JTN,150
B0B1NX6JTN,303
B0B1NX6JTN,208
B0B1NX6JTN,309
B0B1NX6JTN,220
B078G6ZF5Z,150
B078G6ZF5Z,303
B078G6ZF5Z,208
B078G6ZF5Z,159
B078G6ZF5Z,307
B0BBW521YC,150
B0BBW521YC,303
B0BBW521YC,208
B0BBW521YC,234
B0BBW521YC,204
B09HSKYMB3,150
B09HSKYMB3,303
B09HSKYMB3,36
B09HSKYMB3,205
B09YV42QHZ,150
B09YV42QHZ,298
B09YV42QHZ,100
B09BF8JBWX,150
B09BF8JBWX,303
B09BF8JBWX,36
B09BF8JBWX,240
B0B5YBGCKD,150
B0B5YBGCKD,303
B0B5YBGCKD,208
B0B5YBGCKD,21
B0B5YBGCKD,149
B09MY4W73Q,150
B09MY4W73Q,303
B09MY4W73Q,208
B09MY4W73Q,309
B09MY4W73Q,220
B09T37CKQ5,150
B09T37CKQ5,303
B09T37CKQ5,208
B09T37CKQ5,159
B09T37CKQ5,307
B09GFPN6TP,150
B09GFPN6TP,303
B09GFPN6TP,36
B09GFPN6TP,205
B0B298D54H,150
B0B298D54H,298
B0B298D54H,100
B08VB57558,150
B08VB57558,303
B08VB57558,36
B08VB57558,205
B0B9BXKBC7,150
B0B9BXKBC7,303
B0B9BXKBC7,208
B0B9BXKBC7,2
B0B9BXKBC7,211
B09NY6TRXG,150
B09NY6TRXG,303
B09NY6TRXG,36
B09NY6TRXG,205
B09NVPJ3P4,150
B09NVPJ3P4,298
B09NVPJ3P4,100
B0B3NDPCS9,150
B0B3NDPCS9,298
B0B3NDPCS9,100
B09VGKFM7Y,150
B09VGKFM7Y,303
B09VGKFM7Y,208
B09VGKFM7Y,159
B09VGKFM7Y,307
B07QCWY5XV,150
B07QCWY5XV,303
B07QCWY5XV,208
B07QCWY5XV,2
B07QCWY5XV,211
B098QXR9X2,150
B098QXR9X2,303
B098QXR9X2,208
B098QXR9X2,159
B098QXR9X2,106
B07H1S7XW8,150
B07H1S7XW8,303
B07H1S7XW8,208
B07H1S7XW8,226
B07H1S7XW8,181
B0BNXFDTZ2,150
B0BNXFDTZ2,298
B0BNXFDTZ2,100
B088ZFJY82,150
B088ZFJY82,303
B088ZFJY82,208
B088ZFJY82,52
B0B4F4QZ1H,150
B0B4F4QZ1H,303
B0B4F4QZ1H,36
B0B4F4QZ1H,205
B09BCNQ9R2,150
B09BCNQ9R2,303
B09BCNQ9R2,208
B09BCNQ9R2,66
B09BCNQ9R2,180
B0B9BD2YL4,150
B0B9BD2YL4,303
B0B9BD2YL4,208
B0B9BD2YL4,117
B071Z8M4KX,150
B071Z8M4KX,86
B071Z8M4KX,112
B071Z8M4KX,286
B09N3ZNHTY,150
B09N3ZNHTY,86
B09N3ZNHTY,112
B09N3ZNHTY,286
B005FYNT3G,18
B005FYNT3G,252
B005FYNT3G,57
B01J0XWYKQ,18
B01J0XWYKQ,241
B01J0XWYKQ,259
B01J0XWYKQ,101
B09CTRPSJR,18
B09CTRPSJR,241
B09CTRPSJR,259
B09CTRPSJR,116
B08JQN8DGZ,150
B08JQN8DGZ,86
B08JQN8DGZ,112
B08JQN8DGZ,286
B0B72BSW7K,18
B0B72BSW7K,241
B0B72BSW7K,203
B0B72BSW7K,136
B08TV2P1N8,150
B08TV2P1N8,86
B08TV2P1N8,112
B08TV2P1N8,286
B07XCM6T4N,18
B07XCM6T4N,241
B07XCM6T4N,203
B07XCM6T4N,70
B07T5DKR5D,150
B07T5DKR5D,86
B07T5DKR5D,112
B07T5DKR5D,286
B07PR1CL3S,150
B07PR1CL3S,86
B07PR1CL3S,112
B07PR1CL3S,34
B07JQKQ91F,150
B07JQKQ91F,86
B07JQKQ91F,112
B07JQKQ91F,286
B08W56G1K9,18
B08W56G1K9,241
B08W56G1K9,186
B08W56G1K9,151
B01L8ZNWN2,18
B01L8ZNWN2,252
B01L8ZNWN2,57
B009VCGPSY,18
B009VCGPSY,241
B009VCGPSY,259
B009VCGPSY,101
B0B296NTFV,18
B0B296NTFV,241
B0B296NTFV,259
B0B296NTFV,101
B07TCN5VR9,150
B07TCN5VR9,86
B07TCN5VR9,112
B07TCN5VR9,286
B00ZYLMQH0,18
B00ZYLMQH0,241
B00ZYLMQH0,259
B00ZYLMQH0,20
B01HJI0FS2,18
B01HJI0FS2,241
B01HJI0FS2,259
B01HJI0FS2,101
B076B8G5D8,200
B076B8G5D8,239
B076B8G5D8,121
B014SZO90Y,150
B014SZO90Y,281
B014SZO90Y,46
B07KCMR8D6,295
B07KCMR8D6,72
B07KCMR8D6,133
B07KCMR8D6,214
B07KCMR8D6,279
B07KCMR8D6,13
B07KCMR8D6,270
B00N1U9AJS,221
B00N1U9AJS,114
B00N1U9AJS,134
B00N1U9AJS,273
B07KY3FNQP,150
B07KY3FNQP,86
B07KY3FNQP,112
B07KY3FNQP,286
B07QZ3CZ48,150
B07QZ3CZ48,86
B07QZ3CZ48,112
B07QZ3CZ48,286
B09T3H12GV,18
B09T3H12GV,241
B09T3H12GV,259
B09T3H12GV,7
B08ZJDWTJ1,18
B08ZJDWTJ1,252
B08ZJDWTJ1,175
B08FTFXNNB,150
B08FTFXNNB,129
B08FTFXNNB,312
B08YDFX7Y1,18
B08YDFX7Y1,241
B08YDFX7Y1,259
B08YDFX7Y1,101
B087FXHB6J,18
B087FXHB6J,241
B087FXHB6J,259
B087FXHB6J,7
B07N42JB4S,150
B07N42JB4S,129
B07N42JB4S,142
B07N42JB4S,215
B07N42JB4S,68
B0B31BYXQQ,150
B0B31BYXQQ,86
B0B31BYXQQ,112
B0B31BYXQQ,286
B07SLMR1K6,18
B07SLMR1K6,252
B07SLMR1K6,57
B092X94QNQ,150
B092X94QNQ,86
B092X94QNQ,112
B092X94QNQ,286
B0846D5CBP,295
B0846D5CBP,90
B0846D5CBP,64
B0846D5CBP,113
B00KXULGJQ,18
B00KXULGJQ,8
B00KXULGJQ,177
B08H9Z3XQW,150
B08H9Z3XQW,86
B08H9Z3XQW,112
B08H9Z3XQW,286
B08LPJZSSW,150
B08LPJZSSW,129
B08LPJZSSW,142
B08LPJZSSW,215
B08LPJZSSW,236
B08CYPB15D,18
B08CYPB15D,251
B08CYPB15D,265
B08CYPB15D,192
B00MFPCY5C,18
B00MFPCY5C,241
B00MFPCY5C,259
B00MFPCY5C,140
B00MFPCY5C,264
B07JJFSG2B,18
B07JJFSG2B,252
B07JJFSG2B,57
B09NR6G588,150
B09NR6G588,86
B09NR6G588,112
B09NR6G588,286
B07JPX9CR7,18
B07JPX9CR7,241
B07JPX9CR7,259
B07JPX9CR7,101
B08D11DZ2W,150
B08D11DZ2W,86
B08D11DZ2W,112
B08D11DZ2W,286
B07Q7561HD,150
B07Q7561HD,281
B07Q7561HD,46
B0819HZPXL,18
B0819HZPXL,241
B0819HZPXL,302
B0819HZPXL,79
B00LXTFMRS,221
B00LXTFMRS,114
B00LXTFMRS,69
B00LXTFMRS,244
B0B9LDCX89,18
B0B9LDCX89,241
B0B9LDCX89,259
B0B9LDCX89,140
B0B9LDCX89,168
B0765B3TH7,18
B0765B3TH7,241
B0765B3TH7,143
B0B1F6GQPS,150
B0B1F6GQPS,86
B0B1F6GQPS,112
B0B1F6GQPS,286
B07LG59NPV,150
B07LG59NPV,86
B07LG59NPV,112
B07LG59NPV,286
B00AXHBBXU,295
B00AXHBBXU,90
B00AXHBBXU,64
B00AXHBBXU,113
B08MCD9JFY,150
B08MCD9JFY,129
B08MCD9JFY,171
B08MCD9JFY,316
B083RCTXLL,18
B083RCTXLL,241
B083RCTXLL,259
B083RCTXLL,101
B08HLZ28QC,18
B08HLZ28QC,8
B07GVR9TG7,18
B07GVR9TG7,8
B07GVR9TG7,87
B0856HY85J,150
B0856HY85J,86
B0856HY85J,112
B0856HY85J,267
B07CD2BN46,150
B07CD2BN46,86
B07CD2BN46,112
B07CD2BN46,286
B07PLHTTB4,18
B07PLHTTB4,241
B07PLHTTB4,259
B07PLHTTB4,116
B077T3BG5L,18
B077T3BG5L,241
B077T3BG5L,259
B077T3BG5L,20
B079Y6JZC8,18
B079Y6JZC8,241
B079Y6JZC8,259
B079Y6JZC8,101
B0856HNMR7,150
B0856HNMR7,86
B0856HNMR7,112
B0856HNMR7,34
B0B12K5BPM,150
B0B12K5BPM,124
B0B12K5BPM,56
B0B12K5BPM,288
B00LVMTA2A,150
B00LVMTA2A,281
B07TR5HSR9,18
B07TR5HSR9,241
B07TR5HSR9,203
B07TR5HSR9,136
B0819ZZK5K,18
B0819ZZK5K,252
B0819ZZK5K,57
B08QJJCY2Q,18
B08QJJCY2Q,241
B08QJJCY2Q,259
B08QJJCY2Q,140
B08QJJCY2Q,168
B07L5L4GTB,18
B07L5L4GTB,251
B07L5L4GTB,265
B07L5L4GTB,192
B07L8KNP5F,150
B07L8KNP5F,86
B07L8KNP5F,112
B07L8KNP5F,34
B08CF4SCNP,18
B08CF4SCNP,241
B08CF4SCNP,259
B08CF4SCNP,20
B09XX51X2G,18
B09XX51X2G,241
B09XX51X2G,203
B09XX51X2G,136
B01M72LILF,18
B01M72LILF,241
B01M72LILF,259
B01M72LILF,101
B00LZLQ624,295
B00LZLQ624,72
B00LZLQ624,133
B00LZLQ624,214
B00LZLQ624,50
B00LZLQ624,67
B09GB5B4BK,18
B09GB5B4BK,241
B09GB5B4BK,259
B09GB5B4BK,101
B015ZXUDD0,150
B015ZXUDD0,281
B015ZXUDD0,197
B09PL79D2X,150
B09PL79D2X,86
B09PL79D2X,112
B09PL79D2X,286
B098K3H92Z,18
B098K3H92Z,8
B098K3H92Z,256
B098K3H92Z,232
B084PJSSQ1,18
B084PJSSQ1,252
B084PJSSQ1,57
B097C564GC,18
B097C564GC,241
B097C564GC,213
B097C564GC,296
B08CYNJ5KY,18
B08CYNJ5KY,251
B08CYNJ5KY,265
B08CYNJ5KY,192
B00Y4ORQ46,150
B00Y4ORQ46,86
B00Y4ORQ46,112
B00Y4ORQ46,34
B074CWD7MS,150
B074CWD7MS,129
B074CWD7MS,142
B074CWD7MS,215
B074CWD7MS,146
B00A0VCJPI,18
B00A0VCJPI,8
B00A0VCJPI,177
B00UGZWM2I,295
B00UGZWM2I,72
B00UGZWM2I,133
B00UGZWM2I,214
B00UGZWM2I,50
B00UGZWM2I,58
B00R1P3B4O,150
B00R1P3B4O,129
B00R1P3B4O,142
B00R1P3B4O,23
B09DG9VNWB,150
B09DG9VNWB,298
B09DG9VNWB,100
B09Y5MP7C4,150
B09Y5MP7C4,86
B09Y5MP7C4,112
B09Y5MP7C4,286
B01DJJVFPC,150
B01DJJVFPC,281
B01DJJVFPC,46
B07DFYJRQV,150
B07DFYJRQV,86
B07DFYJRQV,112
B07DFYJRQV,286
B08L879JSN,18
B08L879JSN,235
B08TDJNM3G,18
B08TDJNM3G,241
B08TDJNM3G,260
B08TDJNM3G,193
B06XSK3XL6,150
B06XSK3XL6,303
B06XSK3XL6,208
B06XSK3XL6,159
B06XSK3XL6,74
B07YNTJ8ZM,150
B07YNTJ8ZM,124
B07YNTJ8ZM,56
B07YNTJ8ZM,288
B07KR5P3YD,18
B07KR5P3YD,241
B07KR5P3YD,259
B07KR5P3YD,7
B08FB2LNSZ,150
B08FB2LNSZ,86
B08FB2LNSZ,112
B08FB2LNSZ,286
B01IBRHE3E,150
B01IBRHE3E,129
B01IBRHE3E,142
B01IBRHE3E,311
B01IBRHE3E,93
B01N6LU1VF,18
B01N6LU1VF,252
B01N6LU1VF,57
B07XLML2YS,150
B07XLML2YS,129
B07XLML2YS,29
B07XLML2YS,162
B086WMSCN3,150
B086WMSCN3,86
B086WMSCN3,112
B086WMSCN3,286
B003B00484,150
B003B00484,281
B003B00484,197
B003L62T7W,18
B003L62T7W,241
B003L62T7W,259
B003L62T7W,101
B09P18XVW6,150
B09P18XVW6,298
B09P18XVW6,100
B00LZLPYHW,295
B00LZLPYHW,72
B00LZLPYHW,133
B00LZLPYHW,214
B00LZLPYHW,50
B00LZLPYHW,67
B00NNQMYNE,18
B00NNQMYNE,241
B00NNQMYNE,143
B0B217Z5VK,150
B0B217Z5VK,86
B0B217Z5VK,112
B0B217Z5VK,286
B07B88KQZ8,150
B07B88KQZ8,124
B07B88KQZ8,56
B07B88KQZ8,288
B07Z3K96FR,18
B07Z3K96FR,241
B07Z3K96FR,191
B07Z3K96FR,149
B0756CLQWL,18
B0756CLQWL,241
B0756CLQWL,302
B0756CLQWL,55
B004IO5BMQ,18
B004IO5BMQ,241
B004IO5BMQ,259
B004IO5BMQ,101
B01HGCLUH6,18
B01HGCLUH6,8
B01HGCLUH6,87
B01N4EV2TL,18
B01N4EV2TL,241
B01N4EV2TL,259
B01N4EV2TL,7
B08MZQBFLN,18
B08MZQBFLN,241
B08MZQBFLN,203
B08MZQBFLN,136
B0752LL57V,295
B0752LL57V,90
B0752LL57V,64
B0752LL57V,310
B09Z28BQZT,18
B09Z28BQZT,241
B09Z28BQZT,203
B09Z28BQZT,136
B094DQWV9B,18
B094DQWV9B,241
B094DQWV9B,213
B094DQWV9B,296
B0BBMPH39N,18
B0BBMPH39N,241
B0BBMPH39N,259
B0BBMPH39N,116
B097JQ1J5G,18
B097JQ1J5G,241
B097JQ1J5G,83
B07YY1BY5B,150
B07YY1BY5B,298
B07YY1BY5B,100
B08VRMK55F,150
B08VRMK55F,86
B08VRMK55F,112
B08VRMK55F,286
B08CHZ3ZQ7,18
B08CHZ3ZQ7,241
B08CHZ3ZQ7,302
B08CHZ3ZQ7,79
B08SCCG9D4,18
B08SCCG9D4,241
B08SCCG9D4,212
B08SCCG9D4,47
B0972BQ2RS,150
B0972BQ2RS,298
B0972BQ2RS,100
B00ZRBWPA0,150
B00ZRBWPA0,281
B00ZRBWPA0,46
B0B2DD66GS,150
B0B2DD66GS,142
B0B2DD66GS,238
B0B2DD66GS,196
B09M869Z5V,18
B09M869Z5V,241
B09M869Z5V,83
B07W6VWZ8C,150
B07W6VWZ8C,124
B07W6VWZ8C,56
B07W6VWZ8C,3
B07Z1X6VFC,18
B07Z1X6VFC,241
B07Z1X6VFC,203
B07Z1X6VFC,285
B07Z1X6VFC,135
B07YL54NVJ,18
B07YL54NVJ,252
B07YL54NVJ,216
B0759QMF85,18
B0759QMF85,8
B0759QMF85,87
B00LM4X0KU,295
B00LM4X0KU,72
B00LM4X0KU,133
B00LM4X0KU,214
B00LM4X0KU,279
B00LM4X0KU,13
B00LM4X0KU,88
B08PFSZ7FH,18
B08PFSZ7FH,241
B08PFSZ7FH,203
B08PFSZ7FH,70
B012MQS060,18
B012MQS060,241
B012MQS060,259
B012MQS060,7
B01MF8MB65,150
B01MF8MB65,86
B01MF8MB65,112
B01MF8MB65,286
B00LHZWD0C,295
B00LHZWD0C,72
B00LHZWD0C,133
B00LHZWD0C,214
B00LHZWD0C,50
B00LHZWD0C,222
B08QDPB1SL,150
B08QDPB1SL,281
B08QDPB1SL,46
B07BRKK9JQ,18
B07BRKK9JQ,241
B07BRKK9JQ,259
B07BRKK9JQ,7
B01EZ0X3L8,18
B01EZ0X3L8,252
B01EZ0X3L8,57
B00LM4W1N2,295
B00LM4W1N2,72
B00LM4W1N2,133
B00LM4W1N2,214
B00LM4W1N2,279
B00LM4W1N2,13
B00LM4W1N2,127
B08YD264ZS,18
B08YD264ZS,241
B08YD264ZS,203
B08YD264ZS,136
B00GZLB57U,18
B00GZLB57U,241
B00GZLB57U,186
B00GZLB57U,242
B00GZLB57U,224
B07V82W5CN,18
B07V82W5CN,241
B07V82W5CN,259
B07V82W5CN,7
B08HD7JQHX,18
B08HD7JQHX,241
B08HD7JQHX,212
B08HD7JQHX,47
B0B31FR4Y2,150
B0B31FR4Y2,86
B0B31FR4Y2,112
B0B31FR4Y2,286
B09Y14JLP3,150
B09Y14JLP3,303
B09Y14JLP3,208
B09Y14JLP3,52
B09ZHCJDP1,18
B09ZHCJDP1,241
B09ZHCJDP1,259
B09ZHCJDP1,101
B08C4Z69LN,18
B08C4Z69LN,263
B08C4Z69LN,148
B016XVRKZM,18
B016XVRKZM,241
B016XVRKZM,16
B00LHZW3XY,295
B00LHZW3XY,72
B00LHZW3XY,133
B00LHZW3XY,214
B00LHZW3XY,50
B00LHZW3XY,222
B098JYT4SY,18
B098JYT4SY,241
B098JYT4SY,259
B098JYT4SY,101
B08CFCK6CW,150
B08CFCK6CW,86
B08CFCK6CW,112
B08CFCK6CW,286
B09P564ZTJ,18
B09P564ZTJ,241
B09P564ZTJ,259
B09P564ZTJ,116
B07MSLTW8Z,18
B07MSLTW8Z,241
B07MSLTW8Z,203
B07MSLTW8Z,136
B09N6TTHT6,18
B09N6TTHT6,241
B09N6TTHT6,260
B09N6TTHT6,193
B098R25TGC,150
B098R25TGC,86
B098R25TGC,112
B098R25TGC,286
B0B2PQL5N3,18
B0B2PQL5N3,241
B0B2PQL5N3,259
B0B2PQL5N3,140
B0B2PQL5N3,168
B07DKZCZ89,150
B07DKZCZ89,86
B07DKZCZ89,217
B08GYG6T12,150
B08GYG6T12,142
B08GYG6T12,238
B08GYG6T12,103
B09BN2NPBD,150
B09BN2NPBD,303
B09BN2NPBD,208
B09BN2NPBD,2
B09BN2NPBD,53
B09BN2NPBD,247
B00J4YG0PC,295
B00J4YG0PC,72
B00J4YG0PC,133
B00J4YG0PC,214
B00J4YG0PC,50
B00J4YG0PC,222
B073BRXPZX,18
B073BRXPZX,241
B073BRXPZX,259
B073BRXPZX,101
B08LHTJTBB,18
B08LHTJTBB,241
B08LHTJTBB,203
B08LHTJTBB,70
B07VTFN6HM,18
B07VTFN6HM,252
B07VTFN6HM,175
B008QS9J6Y,18
B008QS9J6Y,241
B008QS9J6Y,212
B008QS9J6Y,94
B008QS9J6Y,147
B09M8888DM,18
B09M8888DM,241
B09M8888DM,83
B07Z1YVP72,18
B07Z1YVP72,241
B07Z1YVP72,203
B07Z1YVP72,285
B07Z1YVP72,135
B082FTPRSK,18
B082FTPRSK,241
B082FTPRSK,203
B082FTPRSK,289
B09RF2QXGX,18
B09RF2QXGX,241
B09RF2QXGX,203
B09RF2QXGX,145
B01KK0HU3Y,18
B01KK0HU3Y,241
B01KK0HU3Y,259
B01KK0HU3Y,101
B07JF9B592,200
B07JF9B592,239
B07JF9B592,121
B086394NY5,18
B086394NY5,241
B086394NY5,203
B017PDR9N0,18
B017PDR9N0,241
B017PDR9N0,191
B017PDR9N0,52
B07NC12T2R,150
B07NC12T2R,124
B07NC12T2R,56
B07NC12T2R,288
B07WKBD37W,187
B07WKBD37W,161
B07WKBD37W,128
B08JMC1988,150
B08JMC1988,124
B08JMC1988,56
B08JMC1988,3
B09GFN8WZL,18
B09GFN8WZL,241
B09GFN8WZL,259
B09GFN8WZL,116
B095X38CJS,295
B095X38CJS,72
B095X38CJS,133
B095X38CJS,4
B095X38CJS,109
B07ZKD8T1Q,18
B07ZKD8T1Q,8
B07ZKD8T1Q,87
B07G3YNLJB,18
B07G3YNLJB,263
B07G3YNLJB,160
B00P93X2H6,295
B00P93X2H6,72
B00P93X2H6,133
B00P93X2H6,214
B00P93X2H6,50
B00P93X2H6,222
B0798PJPCL,18
B0798PJPCL,241
B0798PJPCL,203
B0798PJPCL,136
B09GFWJDY1,150
B09GFWJDY1,86
B09GFWJDY1,112
B09GFWJDY1,286
B09MZ6WZ6V,18
B09MZ6WZ6V,241
B09MZ6WZ6V,259
B09MZ6WZ6V,140
B09MZ6WZ6V,168
B094QZLJQ6,18
B094QZLJQ6,252
B094QZLJQ6,175
B07L3NDN24,150
B07L3NDN24,124
B07L3NDN24,56
B07L3NDN24,202
B08WD18LJZ,18
B08WD18LJZ,241
B08WD18LJZ,259
B08WD18LJZ,116
B06XDKWLJH,18
B06XDKWLJH,252
B06XDKWLJH,175
B01J1CFO5I,18
B01J1CFO5I,241
B01J1CFO5I,302
B01J1CFO5I,55
B07J2NGB69,18
B07J2NGB69,241
B07J2NGB69,259
B07J2NGB69,101
B00MUTWLW4,18
B00MUTWLW4,241
B00MUTWLW4,259
B00MUTWLW4,20
B017NC2IPM,18
B017NC2IPM,8
B017NC2IPM,87
B00N1U7JXM,295
B00N1U7JXM,72
B00N1U7JXM,133
B00N1U7JXM,214
B00N1U7JXM,50
B00N1U7JXM,58
B08HQL67D6,18
B08HQL67D6,241
B08HQL67D6,203
B08HQL67D6,136
B09RKFBCV7,150
B09RKFBCV7,298
B09RKFBCV7,100
B08KHM9VBJ,18
B08KHM9VBJ,8
B08KHM9VBJ,19
B01IOZUHRS,18
B01IOZUHRS,241
B01IOZUHRS,203
B01IOZUHRS,96
B00CEQEGPI,18
B00CEQEGPI,241
B00CEQEGPI,259
B00CEQEGPI,7
B08B6XWQ1C,150
B08B6XWQ1C,129
B08B6XWQ1C,142
B08B6XWQ1C,215
B08B6XWQ1C,236
B01DGVKBC6,18
B01DGVKBC6,241
B01DGVKBC6,186
B01DGVKBC6,242
B01DGVKBC6,224
B08JD36C6H,18
B08JD36C6H,252
B08JD36C6H,57
B00E3DVQFS,150
B00E3DVQFS,281
B00E3DVQFS,46
B00BN5SNF0,150
B00BN5SNF0,281
B00BN5SNF0,197
B09SGGRKV8,150
B09SGGRKV8,86
B09SGGRKV8,112
B09SGGRKV8,286
B084BR3QX8,18
B084BR3QX8,241
B084BR3QX8,203
B084BR3QX8,96
B09VC2D2WG,18
B09VC2D2WG,241
B09VC2D2WG,259
B09VC2D2WG,116
B09163Q5CD,18
B09163Q5CD,241
B09163Q5CD,83
B08K9PX15C,18
B08K9PX15C,241
B08K9PX15C,212
B08K9PX15C,104
B083RD1J99,18
B083RD1J99,241
B083RD1J99,259
B083RD1J99,101
B09Z7YGV3R,18
B09Z7YGV3R,241
B09Z7YGV3R,203
B09Z7YGV3R,136
B00N3XLDW0,150
B00N3XLDW0,129
B00N3XLDW0,142
B00N3XLDW0,167
B00N3XLDW0,258
B07Z53L5QL,18
B07Z53L5QL,241
B07Z53L5QL,191
B07Z53L5QL,24
B07Z53L5QL,217
B00P93X0VO,295
B00P93X0VO,72
B00P93X0VO,133
B00P93X0VO,214
B00P93X0VO,50
B00P93X0VO,67
B07SBGFDX9,295
B07SBGFDX9,72
B07SBGFDX9,133
B07SBGFDX9,214
B07SBGFDX9,279
B07SBGFDX9,13
B07SBGFDX9,314
B07X2L5Z8C,18
B07X2L5Z8C,241
B07X2L5Z8C,259
B07X2L5Z8C,101
B00VA7YYUO,221
B00VA7YYUO,114
B00VA7YYUO,190
B00VA7YYUO,194
B00VA7YYUO,176
B00VA7YYUO,249
B07L9FW9GF,18
B07L9FW9GF,241
B07L9FW9GF,259
B07L9FW9GF,101
B08D64C9FN,18
B08D64C9FN,241
B08D64C9FN,302
B08D64C9FN,79
B00LOD70SC,295
B00LOD70SC,72
B00LOD70SC,133
B00LOD70SC,214
B00LOD70SC,279
B00LOD70SC,13
B00LOD70SC,127
B09X76VL5L,150
B09X76VL5L,86
B09X76VL5L,112
B09X76VL5L,286
B091JF2TFD,150
B091JF2TFD,86
B091JF2TFD,112
B091JF2TFD,286
B07S7DCJKS,18
B07S7DCJKS,241
B07S7DCJKS,259
B07S7DCJKS,140
B07S7DCJKS,168
B09NC2TY11,150
B09NC2TY11,298
B09NC2TY11,100
B0BDS8MY8J,18
B0BDS8MY8J,263
B0BDS8MY8J,75
B09X7DY7Q4,150
B09X7DY7Q4,142
B09X7DY7Q4,238
B09X7DY7Q4,196
B09YV575RK,150
B09YV575RK,298
B09YV575RK,100
B08LW31NQ6,18
B08LW31NQ6,241
B08LW31NQ6,259
B08LW31NQ6,101
B09ND94ZRG,150
B09ND94ZRG,86
B09ND94ZRG,112
B09ND94ZRG,286
B00P93X6EK,295
B00P93X6EK,72
B00P93X6EK,133
B00P93X6EK,214
B00P93X6EK,50
B00P93X6EK,67
B0994GP1CX,18
B0994GP1CX,241
B0994GP1CX,259
B0994GP1CX,140
B0994GP1CX,264
B07H8W9PB6,18
B07H8W9PB6,241
B07H8W9PB6,259
B07H8W9PB6,116
B09NNHFSSF,150
B09NNHFSSF,129
B09NNHFSSF,29
B09NNHFSSF,162
B08D9NDZ1Y,18
B08D9NDZ1Y,251
B08D9NDZ1Y,184
B0085IATT6,18
B0085IATT6,8
B0085IATT6,87
B08WJ86PV2,18
B08WJ86PV2,241
B08WJ86PV2,259
B08WJ86PV2,140
B08WJ86PV2,168
B078HRR1XV,18
B078HRR1XV,241
B078HRR1XV,259
B078HRR1XV,116
B09P22HXH6,18
B09P22HXH6,241
B09P22HXH6,212
B09P22HXH6,94
B09P22HXH6,147
B00LM4X3XE,295
B00LM4X3XE,72
B00LM4X3XE,133
B00LM4X3XE,214
B00LM4X3XE,279
B00LM4X3XE,13
B00LM4X3XE,88
B09YLFHFDW,150
B09YLFHFDW,86
B09YLFHFDW,112
B09YLFHFDW,286
B07YWS9SP9,18
B07YWS9SP9,241
B07YWS9SP9,203
B07YWS9SP9,289
B08WLY8V9S,18
B08WLY8V9S,241
B08WLY8V9S,259
B08WLY8V9S,140
B08WLY8V9S,168
B0873L7J6X,150
B0873L7J6X,86
B0873L7J6X,112
B0873L7J6X,34
B07YNHCW6N,18
B07YNHCW6N,241
B07YNHCW6N,191
B07YNHCW6N,24
B07YNHCW6N,217
B01MQ2A86A,18
B01MQ2A86A,241
B01MQ2A86A,259
B01MQ2A86A,101
B00KIE28X0,221
B00KIE28X0,114
B00KIE28X0,69
B00KIE28X0,244
B0BHYJ8CVF,18
B0BHYJ8CVF,241
B0BHYJ8CVF,259
B0BHYJ8CVF,7
B0BCVJ3PVP,18
B0BCVJ3PVP,241
B0BCVJ3PVP,203
B0BCVJ3PVP,136
B0B2931FCV,150
B0B2931FCV,86
B0B2931FCV,112
B0B2931FCV,286
B09TMZ1MF8,18
B09TMZ1MF8,263
B09TMZ1MF8,160
B07VV37FT4,295
B07VV37FT4,72
B07VV37FT4,133
B07VV37FT4,214
B07VV37FT4,279
B07VV37FT4,13
B07VV37FT4,270
B07JB2Y4SR,221
B07JB2Y4SR,114
B07JB2Y4SR,190
B07JB2Y4SR,194
B07JB2Y4SR,78
B08KRMK9LZ,150
B08KRMK9LZ,303
B08KRMK9LZ,208
B08KRMK9LZ,117
B08LT9BMPP,18
B08LT9BMPP,241
B08LT9BMPP,302
B08LT9BMPP,79
B0814ZY6FP,150
B0814ZY6FP,124
B0814ZY6FP,56
B0814ZY6FP,288
B09F3PDDRF,18
B09F3PDDRF,241
B09F3PDDRF,186
B09F3PDDRF,242
B09F3PDDRF,297
B07X963JNS,150
B07X963JNS,303
B07X963JNS,208
B07X963JNS,159
B07X963JNS,106
B09LD3116F,150
B09LD3116F,129
B09LD3116F,29
B09LD3116F,162
B08Y5QJTVK,150
B08Y5QJTVK,281
B00LY1FN1K,221
B00LY1FN1K,114
B00LY1FN1K,69
B00LY1FN1K,244
B07DJ5KYDZ,18
B07DJ5KYDZ,241
B07DJ5KYDZ,203
B07DJ5KYDZ,96
B009LJ2BXA,18
B009LJ2BXA,241
B009LJ2BXA,212
B009LJ2BXA,305
B09BVCVTBC,18
B09BVCVTBC,241
B09BVCVTBC,302
B09BVCVTBC,169
B07SY4C3TD,18
B07SY4C3TD,251
B07SY4C3TD,265
B07SY4C3TD,192
B094JB13XL,150
B094JB13XL,298
B094JB13XL,100
B08CRRQK6Z,150
B08CRRQK6Z,124
B08CRRQK6Z,56
B08CRRQK6Z,277
B08MTLLSL8,150
B08MTLLSL8,86
B08MTLLSL8,112
B08MTLLSL8,286
B08Y57TPDM,150
B08Y57TPDM,281
B09CYTJV3N,150
B09CYTJV3N,129
B09CYTJV3N,29
B09CYTJV3N,162
B07GLNJC25,18
B07GLNJC25,241
B07GLNJC25,83
B08FY4FG5X,150
B08FY4FG5X,86
B08FY4FG5X,112
B08FY4FG5X,267
B07TMCXRFV,18
B07TMCXRFV,241
B07TMCXRFV,191
B07TMCXRFV,149
B00LZPQVMK,295
B00LZPQVMK,72
B00LZPQVMK,133
B00LZPQVMK,214
B00LZPQVMK,279
B00LZPQVMK,13
B00LZPQVMK,314
B08X77LM8C,150
B08X77LM8C,86
B08X77LM8C,61
B01EJ5MM5M,18
B01EJ5MM5M,251
B01EJ5MM5M,184
B01EJ5MM5M,261
B08J82K4GX,18
B08J82K4GX,235
B07Z1Z77ZZ,18
B07Z1Z77ZZ,241
B07Z1Z77ZZ,203
B07Z1Z77ZZ,285
B07Z1Z77ZZ,135
B00DJ5N9VK,287
B00DJ5N9VK,293
B00DJ5N9VK,246
B00DJ5N9VK,85
B08FGNPQ9X,18
B08FGNPQ9X,8
B08FGNPQ9X,87
B07NTKGW45,18
B07NTKGW45,241
B07NTKGW45,143
B08J4PL1Z3,18
B08J4PL1Z3,241
B08J4PL1Z3,302
B08J4PL1Z3,55
B07XJWTYM2,150
B07XJWTYM2,86
B07XJWTYM2,112
B07XJWTYM2,286
B09939XJX8,18
B09939XJX8,241
B09939XJX8,259
B09939XJX8,116
B09MDCZJXS,18
B09MDCZJXS,241
B09MDCZJXS,302
B09MDCZJXS,294
B08CTQP51L,18
B08CTQP51L,241
B08CTQP51L,191
B08CTQP51L,149
B0BG62HMDJ,18
B0BG62HMDJ,252
B0BG62HMDJ,175
B08GTYFC37,18
B08GTYFC37,252
B08GTYFC37,253
B08SBH499M,18
B08SBH499M,241
B08SBH499M,212
B08SBH499M,104
B08FYB5HHK,18
B08FYB5HHK,8
B08FYB5HHK,256
B08FYB5HHK,25
B0B5GJRTHB,150
B0B5GJRTHB,86
B0B5GJRTHB,112
B0B5GJRTHB,286
B09GBBJV72,18
B09GBBJV72,241
B09GBBJV72,259
B09GBBJV72,7
B07P434WJY,18
B07P434WJY,251
B07P434WJY,265
B07P434WJY,178
B07T9FV9YP,18
B07T9FV9YP,241
B07T9FV9YP,302
B07T9FV9YP,294
B08WKFSN84,18
B08WKFSN84,241
B08WKFSN84,186
B08WKFSN84,242
B08WKFSN84,284
B09TBCVJS3,150
B09TBCVJS3,298
B09TBCVJS3,100
B08TR61BVK,18
B08TR61BVK,241
B08TR61BVK,203
B08TR61BVK,285
B08TR61BVK,135
B0B2CPVXHX,18
B0B2CPVXHX,241
B0B2CPVXHX,191
B0B2CPVXHX,149
B08XNL93PL,295
B08XNL93PL,72
B08XNL93PL,133
B08XNL93PL,214
B08XNL93PL,50
B088GXTJM3,150
B088GXTJM3,129
B088GXTJM3,142
B088GXTJM3,292
B088GXTJM3,154
B088GXTJM3,35
B099S26HWG,295
B099S26HWG,72
B099S26HWG,133
B099S26HWG,214
B099S26HWG,50
B099S26HWG,222
B08461VC1Z,18
B08461VC1Z,241
B08461VC1Z,259
B08461VC1Z,140
B08461VC1Z,168
B00K32PEW4,295
B00K32PEW4,90
B00K32PEW4,64
B00K32PEW4,228
B07LFWP97N,18
B07LFWP97N,241
B07LFWP97N,203
B07LFWP97N,285
B07LFWP97N,135
B0746N6WML,295
B0746N6WML,72
B0746N6WML,133
B0746N6WML,214
B0746N6WML,279
B0746N6WML,13
B0746N6WML,314
B07W9KYT62,18
B07W9KYT62,8
B07W9KYT62,87
B08D9MNH4B,18
B08D9MNH4B,251
B08D9MNH4B,184
B09MKG4ZCM,18
B09MKG4ZCM,8
B09MKG4ZCM,87
B07RZZ1QSW,150
B07RZZ1QSW,129
B07RZZ1QSW,142
B07RZZ1QSW,215
B07RZZ1QSW,68
B07222HQKP,18
B07222HQKP,252
B07222HQKP,175
B00NFD0ETQ,18
B00NFD0ETQ,241
B00NFD0ETQ,302
B00NFD0ETQ,79
B075DB1F13,150
B075DB1F13,281
B0148NPH9I,18
B0148NPH9I,241
B0148NPH9I,259
B0148NPH9I,20
B01JOFKL0A,18
B01JOFKL0A,251
B01JOFKL0A,184
B079S811J3,18
B079S811J3,241
B079S811J3,302
B079S811J3,294
B0083T231O,150
B0083T231O,9
B0083T231O,179
B086PXQ2R4,295
B086PXQ2R4,72
B086PXQ2R4,133
B086PXQ2R4,214
B086PXQ2R4,50
B086PXQ2R4,222
B07L1N3TJX,18
B07L1N3TJX,241
B07L1N3TJX,203
B07L1N3TJX,96
B07YFWVRCM,150
B07YFWVRCM,129
B07YFWVRCM,29
B07YFWVRCM,162
B08TDJ5BVF,18
B08TDJ5BVF,241
B08TDJ5BVF,260
B08TDJ5BVF,193
B09XXZXQC1,18
B09XXZXQC1,266
B083T5G5PM,150
B083T5G5PM,86
B083T5G5PM,112
B083T5G5PM,286
B0BHVPTM2C,18
B0BHVPTM2C,241
B0BHVPTM2C,203
B0BHVPTM2C,136
B01NBX5RSB,18
B01NBX5RSB,241
B01NBX5RSB,203
B01NBX5RSB,96
B08MWJTST6,150
B08MWJTST6,303
B08MWJTST6,208
B08MWJTST6,52
B07R99NBVB,187
B07R99NBVB,161
B07R99NBVB,71
B00LY12TH6,221
B00LY12TH6,114
B00LY12TH6,69
B08497Z1MQ,18
B08497Z1MQ,241
B08497Z1MQ,302
B08497Z1MQ,79
B07KNM95JK,18
B07KNM95JK,251
B07KNM95JK,265
B07KNM95JK,156
B09Q3M3WLJ,18
B09Q3M3WLJ,241
B09Q3M3WLJ,191
B09Q3M3WLJ,149
B09B9SPC7F,18
B09B9SPC7F,241
B09B9SPC7F,203
B09B9SPC7F,136
B099SD8PRP,18
B099SD8PRP,241
B099SD8PRP,259
B099SD8PRP,101
B00S2SEV7K,295
B00S2SEV7K,72
B00S2SEV7K,133
B00S2SEV7K,214
B00S2SEV7K,279
B00S2SEV7K,13
B00S2SEV7K,163
B08WKCTFF3,18
B08WKCTFF3,241
B08WKCTFF3,203
B08WKCTFF3,136
B08498D67S,18
B08498D67S,241
B08498D67S,302
B08498D67S,169
B00C3GBCIS,18
B00C3GBCIS,241
B00C3GBCIS,203
B00C3GBCIS,285
B00C3GBCIS,135
B00URH5E34,18
B00URH5E34,241
B00URH5E34,260
B00URH5E34,193
B00EYW1U68,18
B00EYW1U68,8
B00EYW1U68,177
B08SMJT55F,150
B08SMJT55F,124
B08SMJT55F,56
B08SMJT55F,288
B08Y7MXFMK,18
B08Y7MXFMK,241
B08Y7MXFMK,259
B08Y7MXFMK,101
B086Q3QMFS,295
B086Q3QMFS,72
B086Q3QMFS,133
B086Q3QMFS,214
B086Q3QMFS,50
B086Q3QMFS,222
B08498H13H,18
B08498H13H,241
B08498H13H,302
B08498H13H,169
B07LFQLKFZ,295
B07LFQLKFZ,72
B07LFQLKFZ,133
B07LFQLKFZ,214
B07LFQLKFZ,279
B07LFQLKFZ,13
B07LFQLKFZ,163
B00LY17RHI,295
B00LY17RHI,72
B00LY17RHI,133
B00LY17RHI,214
B00LY17RHI,279
B00LY17RHI,13
B00LY17RHI,44
B07W14CHV8,18
B07W14CHV8,241
B07W14CHV8,62
B07W14CHV8,0
B09F5Z694W,18
B09F5Z694W,251
B09F5Z694W,184
B09F5Z694W,261
B0B25LQQPC,18
B0B25LQQPC,263
B0B25LQQPC,160
B01LYLJ99X,18
B01LYLJ99X,252
B01LYLJ99X,57
B014SZPBM4,150
B014SZPBM4,281
B014SZPBM4,46
B08CZHGHKH,18
B08CZHGHKH,241
B08CZHGHKH,259
B08CZHGHKH,116
B0B2RBP83P,18
B0B2RBP83P,38
B0B2RBP83P,51
B078W65FJ7,150
B078W65FJ7,86
B078W65FJ7,112
B078W65FJ7,34
B08S74GTBT,150
B08S74GTBT,124
B08S74GTBT,56
B08S74GTBT,3
B07QMRHWJD,18
B07QMRHWJD,241
B07QMRHWJD,260
B07QMRHWJD,193
B07W7Z6DVL,150
B07W7Z6DVL,124
B07W7Z6DVL,56
B07W7Z6DVL,3
B07WMS7TWB,221
B07WMS7TWB,172
B07WMS7TWB,272
B07WMS7TWB,107
B07WMS7TWB,306
B00H47GVGY,221
B00H47GVGY,110
B00H47GVGY,126
B00H47GVGY,102
B07VX71FZP,221
B07VX71FZP,110
B07VX71FZP,126
B07VX71FZP,31
B07NCKMXVZ,221
B07NCKMXVZ,172
B07NCKMXVZ,11
B07NCKMXVZ,268
B07NCKMXVZ,42
B0B61DSF17,221
B0B61DSF17,172
B0B61DSF17,272
B0B61DSF17,144
B07VQGVL68,221
B07VQGVL68,172
B07VQGVL68,272
B07VQGVL68,144
B01LWYDEQ7,221
B01LWYDEQ7,37
B01LWYDEQ7,250
B01LWYDEQ7,233
B01LWYDEQ7,245
B07VNFP3C2,221
B07VNFP3C2,172
B07VNFP3C2,272
B07VNFP3C2,107
B07VNFP3C2,306
B00LUGTJGO,221
B00LUGTJGO,110
B00LUGTJGO,126
B00LUGTJGO,102
B01MQZ7J8K,221
B01MQZ7J8K,172
B01MQZ7J8K,272
B01MQZ7J8K,107
B01MQZ7J8K,306
B01GFTEV5Y,221
B01GFTEV5Y,172
B01GFTEV5Y,272
B01GFTEV5Y,14
B00NW4UWN6,221
B00NW4UWN6,172
B00NW4UWN6,272
B00NW4UWN6,107
B00NW4UWN6,306
B01NCVJMKX,221
B01NCVJMKX,172
B01NCVJMKX,11
B01NCVJMKX,268
B01NCVJMKX,42
B00O24PUO6,221
B00O24PUO6,110
B00O24PUO6,126
B00O24PUO6,31
B07GXPDLYQ,221
B07GXPDLYQ,172
B07GXPDLYQ,272
B07GXPDLYQ,1
B01C8P29N0,221
B01C8P29N0,172
B01C8P29N0,11
B01C8P29N0,268
B01C8P29N0,49
B01C8P29N0,231
B08KDBLMQP,221
B08KDBLMQP,172
B08KDBLMQP,272
B08KDBLMQP,60
B078JDNZJ8,221
B078JDNZJ8,110
B078JDNZJ8,76
B078JDNZJ8,91
B01M5F614J,221
B01M5F614J,110
B01M5F614J,126
B083GKDRKR,221
B083GKDRKR,172
B083GKDRKR,272
B083GKDRKR,107
B083GKDRKR,306
B097R2V1W8,221
B097R2V1W8,110
B097R2V1W8,76
B097R2V1W8,91
B07YR26BJ3,221
B07YR26BJ3,172
B07YR26BJ3,272
B07YR26BJ3,107
B07YR26BJ3,99
B097R45BH8,221
B097R45BH8,110
B097R45BH8,76
B097R45BH8,304
B09X5C9VLK,221
B09X5C9VLK,172
B09X5C9VLK,272
B09X5C9VLK,60
B01C8P29T4,221
B01C8P29T4,172
B01C8P29T4,11
B01C8P29T4,268
B01C8P29T4,49
B01C8P29T4,231
B00HVXS7WC,221
B00HVXS7WC,172
B00HVXS7WC,272
B00HVXS7WC,60
B096YCN3SD,221
B096YCN3SD,172
B096YCN3SD,272
B096YCN3SD,107
B096YCN3SD,99
B09LQH3SD9,221
B09LQH3SD9,110
B09LQH3SD9,126
B09LQH3SD9,102
B09KNMLH4Y,221
B09KNMLH4Y,172
B09KNMLH4Y,11
B09KNMLH4Y,268
B09KNMLH4Y,42
B00ABMASXG,221
B00ABMASXG,110
B00ABMASXG,76
B00ABMASXG,173
B07QDSN9V6,221
B07QDSN9V6,172
B07QDSN9V6,272
B07QDSN9V6,107
B07QDSN9V6,306
B00YMJ0OI8,221
B00YMJ0OI8,172
B00YMJ0OI8,272
B00YMJ0OI8,14
B0B8XNPQPN,221
B0B8XNPQPN,172
B0B8XNPQPN,272
B0B8XNPQPN,299
B0B8XNPQPN,10
B0814P4L98,221
B0814P4L98,223
B0814P4L98,255
B0814P4L98,120
B008QTK47Q,221
B008QTK47Q,172
B008QTK47Q,11
B008QTK47Q,268
B008QTK47Q,49
B008QTK47Q,95
B088ZTJT2R,221
B088ZTJT2R,110
B088ZTJT2R,76
B088ZTJT2R,173
B0BK1K598K,221
B0BK1K598K,172
B0BK1K598K,11
B0BK1K598K,268
B0BK1K598K,42
B09Y5FZK9N,221
B09Y5FZK9N,172
B09Y5FZK9N,272
B09Y5FZK9N,107
B09Y5FZK9N,99
B09J2SCVQT,221
B09J2SCVQT,172
B09J2SCVQT,272
B09J2SCVQT,282
B00TDD0YM4,221
B00TDD0YM4,172
B00TDD0YM4,11
B00TDD0YM4,268
B00TDD0YM4,42
B078KRFWQB,221
B078KRFWQB,110
B078KRFWQB,126
B078KRFWQB,102
B07SRM58TP,221
B07SRM58TP,172
B07SRM58TP,11
B07SRM58TP,275
B07SRM58TP,248
B07SRM58TP,137
B00EDJJ7FS,221
B00EDJJ7FS,172
B00EDJJ7FS,272
B00EDJJ7FS,14
B0832W3B7Q,221
B0832W3B7Q,172
B0832W3B7Q,272
B0832W3B7Q,14
B07WNK1FFN,221
B07WNK1FFN,172
B07WNK1FFN,272
B07WNK1FFN,107
B07WNK1FFN,306
B009P2LK08,221
B009P2LK08,110
B009P2LK08,126
B009P2LK08,102
B07DGD4Z4C,221
B07DGD4Z4C,172
B07DGD4Z4C,272
B07DGD4Z4C,60
B07GMFY9QM,221
B07GMFY9QM,172
B07GMFY9QM,272
B07GMFY9QM,165
B0BGPN4GGH,221
B0BGPN4GGH,110
B0BGPN4GGH,126
B0BGPN4GGH,102
B0B2DZ5S6R,221
B0B2DZ5S6R,172
B0B2DZ5S6R,272
B0B2DZ5S6R,107
B0B2DZ5S6R,99
B07S851WX5,221
B07S851WX5,172
B07S851WX5,272
B07S851WX5,63
B01MY839VW,221
B01MY839VW,172
B01MY839VW,11
B01MY839VW,268
B01MY839VW,49
B01MY839VW,231
B09LV1CMGH,221
B09LV1CMGH,110
B09LV1CMGH,126
B09LV1CMGH,31
B01EY310UM,221
B01EY310UM,172
B01EY310UM,11
B01EY310UM,268
B01EY310UM,49
B01EY310UM,231
B09NL7LBWT,221
B09NL7LBWT,172
B09NL7LBWT,11
B09NL7LBWT,268
B09NL7LBWT,42
B008YW8M0G,221
B008YW8M0G,172
B008YW8M0G,11
B008YW8M0G,268
B008YW8M0G,49
B008YW8M0G,231
B097R3XH9R,221
B097R3XH9R,110
B097R3XH9R,76
B097R3XH9R,304
B08TM71L54,221
B08TM71L54,172
B08TM71L54,11
B08TM71L54,268
B08TM71L54,49
B08TM71L54,95
B0BPBXNQQT,221
B0BPBXNQQT,110
B0BPBXNQQT,126
B0BPBXNQQT,102
B00W56GLOQ,221
B00W56GLOQ,172
B00W56GLOQ,272
B00W56GLOQ,282
B0883KDSXC,221
B0883KDSXC,172
B0883KDSXC,11
B0883KDSXC,268
B0883KDSXC,49
B0883KDSXC,231
B078V8R9BS,221
B078V8R9BS,172
B078V8R9BS,272
B078V8R9BS,107
B078V8R9BS,99
B08GSQXLJ2,221
B08GSQXLJ2,110
B08GSQXLJ2,76
B08GSQXLJ2,304
B01M5B0TPW,221
B01M5B0TPW,172
B01M5B0TPW,272
B01M5B0TPW,131
B082KVTRW8,221
B082KVTRW8,172
B082KVTRW8,272
B082KVTRW8,107
B082KVTRW8,99
B08CFJBZRK,221
B08CFJBZRK,172
B08CFJBZRK,272
B08CFJBZRK,60
B07H3WDC4X,221
B07H3WDC4X,172
B07H3WDC4X,272
B07H3WDC4X,165
B09ZTZ9N3Q,221
B09ZTZ9N3Q,110
B09ZTZ9N3Q,126
B09ZTZ9N3Q,31
B083P71WKK,221
B083P71WKK,172
B083P71WKK,272
B083P71WKK,144
B083P71WKK,45
B097R4D42G,221
B097R4D42G,110
B097R4D42G,76
B097R4D42G,304
B07MKMFKPG,221
B07MKMFKPG,172
B07MKMFKPG,272
B07MKMFKPG,60
B0949FPSFY,221
B0949FPSFY,172
B0949FPSFY,272
B0949FPSFY,144
B08F47T4X5,221
B08F47T4X5,172
B08F47T4X5,272
B08F47T4X5,97
B01M0505SJ,221
B01M0505SJ,110
B01M0505SJ,206
B01M0505SJ,32
B08D6RCM3Q,221
B08D6RCM3Q,223
B08D6RCM3Q,255
B08D6RCM3Q,120
B009P2LITG,221
B009P2LITG,110
B009P2LITG,126
B009P2LITG,102
B00V9NHDI4,221
B00V9NHDI4,172
B00V9NHDI4,11
B00V9NHDI4,275
B00V9NHDI4,248
B00V9NHDI4,183
B07WGPBXY9,221
B07WGPBXY9,172
B07WGPBXY9,272
B07WGPBXY9,107
B07WGPBXY9,306
B00KRCBA6E,221
B00KRCBA6E,110
B00KRCBA6E,126
B0B3X2BY3M,221
B0B3X2BY3M,110
B0B3X2BY3M,76
B0B3X2BY3M,91
B00F159RIK,221
B00F159RIK,172
B00F159RIK,11
B00F159RIK,268
B00F159RIK,49
B00F159RIK,231
B08MV82R99,221
B08MV82R99,110
B08MV82R99,76
B08MV82R99,173
B09VKWGZD7,221
B09VKWGZD7,172
B09VKWGZD7,11
B09VKWGZD7,174
B009P2LK80,221
B009P2LK80,110
B009P2LK80,126
B009P2LK80,108
B00A7PLVU6,221
B00A7PLVU6,172
B00A7PLVU6,272
B00A7PLVU6,1
B0B25DJ352,221
B0B25DJ352,172
B0B25DJ352,272
B0B25DJ352,165
B013B2WGT6,221
B013B2WGT6,172
B013B2WGT6,272
B013B2WGT6,144
B097RJ867P,221
B097RJ867P,172
B097RJ867P,272
B097RJ867P,299
B097RJ867P,10
B091V8HK8Z,221
B091V8HK8Z,172
B091V8HK8Z,272
B091V8HK8Z,107
B091V8HK8Z,306
B071VNHMX2,221
B071VNHMX2,172
B071VNHMX2,272
B071VNHMX2,82
B08MVSGXMY,221
B08MVSGXMY,110
B08MVSGXMY,126
B08MVSGXMY,102
B00H0B29DI,221
B00H0B29DI,110
B00H0B29DI,126
B00H0B29DI,271
B01GZSQJPA,221
B01GZSQJPA,172
B01GZSQJPA,272
B01GZSQJPA,60
B08VGFX2B6,221
B08VGFX2B6,223
B08VGFX2B6,255
B08VGFX2B6,120
B09GYBZPHF,221
B09GYBZPHF,172
B09GYBZPHF,272
B09GYBZPHF,60
B0B4KPCBSH,221
B0B4KPCBSH,172
B0B4KPCBSH,152
B0B4KPCBSH,237
B0B4KPCBSH,283
B09CGLY5CX,221
B09CGLY5CX,110
B09CGLY5CX,126
B09CGLY5CX,102
B09JN37WBX,221
B09JN37WBX,172
B09JN37WBX,11
B09JN37WBX,268
B09JN37WBX,42
B01I1LDZGA,221
B01I1LDZGA,172
B01I1LDZGA,272
B01I1LDZGA,107
B01I1LDZGA,306
B0BN2576GQ,221
B0BN2576GQ,172
B0BN2576GQ,11
B0BN2576GQ,268
B0BN2576GQ,42
B06XPYRWV5,221
B06XPYRWV5,172
B06XPYRWV5,272
B06XPYRWV5,82
B01N1XVVLC,221
B01N1XVVLC,110
B01N1XVVLC,126
B01N1XVVLC,31
B00O2R38C4,221
B00O2R38C4,110
B00O2R38C4,206
B00O2R38C4,291
B0B2CZTCL2,221
B0B2CZTCL2,172
B0B2CZTCL2,272
B0B2CZTCL2,107
B0B2CZTCL2,99
B00PVT30YI,221
B00PVT30YI,172
B00PVT30YI,152
B00PVT30YI,43
B00SH18114,221
B00SH18114,172
B00SH18114,272
B00SH18114,97
B00E9G8KOY,221
B00E9G8KOY,172
B00E9G8KOY,290
B00E9G8KOY,39
B00H3H03Q4,221
B00H3H03Q4,172
B00H3H03Q4,290
B00H3H03Q4,6
B0756K5DYZ,221
B0756K5DYZ,172
B0756K5DYZ,272
B0756K5DYZ,60
B0188KPKB2,221
B0188KPKB2,172
B0188KPKB2,272
B0188KPKB2,60
B091KNVNS9,221
B091KNVNS9,172
B091KNVNS9,272
B091KNVNS9,165
B075JJ5NQC,221
B075JJ5NQC,172
B075JJ5NQC,272
B075JJ5NQC,60
B0B5KZ3C53,221
B0B5KZ3C53,172
B0B5KZ3C53,272
B0B5KZ3C53,201
B09NTHQRW3,221
B09NTHQRW3,172
B09NTHQRW3,272
B09NTHQRW3,1
B008YW3CYM,221
B008YW3CYM,172
B008YW3CYM,11
B008YW3CYM,268
B008YW3CYM,49
B008YW3CYM,231
B07QHHCB27,221
B07QHHCB27,172
B07QHHCB27,272
B07QHHCB27,1
B0BMFD94VD,221
B0BMFD94VD,172
B0BMFD94VD,272
B0BMFD94VD,97
B00HZIOGXW,221
B00HZIOGXW,110
B00HZIOGXW,76
B00HZIOGXW,173
B09CKSYBLR,221
B09CKSYBLR,172
B09CKSYBLR,272
B09CKSYBLR,131
B072J83V9W,221
B072J83V9W,172
B072J83V9W,11
B072J83V9W,275
B072J83V9W,248
B072J83V9W,183
B09MTLG4TP,221
B09MTLG4TP,172
B09MTLG4TP,11
B09MTLG4TP,268
B09MTLG4TP,42
B097XJQZ8H,221
B097XJQZ8H,172
B097XJQZ8H,272
B097XJQZ8H,60
B00935MD1C,221
B00935MD1C,172
B00935MD1C,272
B00935MD1C,201
B0BR4F878Q,221
B0BR4F878Q,110
B0BR4F878Q,76
B0BR4F878Q,91
B0B3G5XZN5,221
B0B3G5XZN5,172
B0B3G5XZN5,272
B0B3G5XZN5,1
B07WKB69RS,221
B07WKB69RS,110
B07WKB69RS,76
B07WKB69RS,91
B09DL9978Y,221
B09DL9978Y,110
B09DL9978Y,76
B09DL9978Y,91
B06XMZV7RH,221
B06XMZV7RH,172
B06XMZV7RH,272
B06XMZV7RH,144
B09WMTJPG7,221
B09WMTJPG7,110
B09WMTJPG7,76
B09WMTJPG7,91
B09ZK6THRR,221
B09ZK6THRR,172
B09ZK6THRR,11
B09ZK6THRR,268
B09ZK6THRR,49
B09ZK6THRR,231
B07MP21WJD,221
B07MP21WJD,172
B07MP21WJD,11
B07MP21WJD,268
B07MP21WJD,42
B09XB1R2F3,221
B09XB1R2F3,172
B09XB1R2F3,11
B09XB1R2F3,268
B09XB1R2F3,42
B08Y5QJXSR,221
B08Y5QJXSR,110
B08Y5QJXSR,206
B08Y5QJXSR,32
B07WJXCTG9,221
B07WJXCTG9,172
B07WJXCTG9,272
B07WJXCTG9,107
B07WJXCTG9,306
B09NBZ36F7,221
B09NBZ36F7,172
B09NBZ36F7,272
B09NBZ36F7,14
B0912WJ87V,300
B0912WJ87V,26
B0912WJ87V,65
B0912WJ87V,153
B0BMTZ4T1D,221
B0BMTZ4T1D,110
B0BMTZ4T1D,126
B0BMTZ4T1D,31
B07Z51CGGH,221
B07Z51CGGH,172
B07Z51CGGH,11
B07Z51CGGH,275
B07Z51CGGH,248
B07Z51CGGH,166
B0BDG6QDYD,221
B0BDG6QDYD,110
B0BDG6QDYD,126
B0BDG6QDYD,31
B00YQLG7GK,221
B00YQLG7GK,172
B00YQLG7GK,272
B00YQLG7GK,1
B00SMJPA9C,221
B00SMJPA9C,172
B00SMJPA9C,11
B00SMJPA9C,268
B00SMJPA9C,49
B00SMJPA9C,231
B0B9RN5X8B,221
B0B9RN5X8B,110
B0B9RN5X8B,76
B0B9RN5X8B,91
B08QW937WV,221
B08QW937WV,110
B08QW937WV,76
B08QW937WV,91
B0B4PPD89B,221
B0B4PPD89B,172
B0B4PPD89B,272
B0B4PPD89B,97
B08GM5S4CQ,221
B08GM5S4CQ,110
B08GM5S4CQ,76
B08GM5S4CQ,304
B00NM6MO26,221
B00NM6MO26,172
B00NM6MO26,272
B00NM6MO26,14
B083M7WPZD,221
B083M7WPZD,172
B083M7WPZD,11
B083M7WPZD,275
B083M7WPZD,248
B083M7WPZD,166
B07GLSKXS1,221
B07GLSKXS1,172
B07GLSKXS1,272
B07GLSKXS1,107
B07GLSKXS1,99
B09F6KL23R,221
B09F6KL23R,172
B09F6KL23R,272
B09F6KL23R,131
B094G9L9LT,221
B094G9L9LT,172
B094G9L9LT,272
B094G9L9LT,107
B094G9L9LT,306
B09FZ89DK6,221
B09FZ89DK6,172
B09FZ89DK6,11
B09FZ89DK6,275
B09FZ89DK6,248
B09FZ89DK6,183
B0811VCGL5,221
B0811VCGL5,110
B0811VCGL5,123
B0811VCGL5,243
B07FXLC2G2,221
B07FXLC2G2,172
B07FXLC2G2,290
B07FXLC2G2,278
B01LYU3BZF,221
B01LYU3BZF,110
B01LYU3BZF,206
B01LYU3BZF,32
B083RC4WFJ,221
B083RC4WFJ,223
B083RC4WFJ,255
B083RC4WFJ,225
B09SFRNKSR,221
B09SFRNKSR,172
B09SFRNKSR,11
B09SFRNKSR,268
B09SFRNKSR,42
B07NRTCDS5,221
B07NRTCDS5,172
B07NRTCDS5,272
B07NRTCDS5,282
B07SPVMSC6,221
B07SPVMSC6,110
B07SPVMSC6,206
B07SPVMSC6,32
B09H3BXWTK,221
B09H3BXWTK,172
B09H3BXWTK,272
B09H3BXWTK,144
B0073QGKAS,221
B0073QGKAS,172
B0073QGKAS,272
B0073QGKAS,82
B08GJ57MKL,221
B08GJ57MKL,110
B08GJ57MKL,123
B08GJ57MKL,243
B009DA69W6,221
B009DA69W6,172
B009DA69W6,290
B009DA69W6,278
B099PR2GQJ,221
B099PR2GQJ,110
B099PR2GQJ,126
B099PR2GQJ,102
B08G8H8DPL,221
B08G8H8DPL,172
B08G8H8DPL,272
B08G8H8DPL,60
B08VGM3YMF,221
B08VGM3YMF,223
B08VGM3YMF,255
B08VGM3YMF,120
B08TTRVWKY,221
B08TTRVWKY,172
B08TTRVWKY,272
B08TTRVWKY,165
B07T4D9FNY,221
B07T4D9FNY,172
B07T4D9FNY,272
B07T4D9FNY,107
B07T4D9FNY,306
B07RX42D3D,221
B07RX42D3D,172
B07RX42D3D,272
B07RX42D3D,63
B08WRKSF9D,221
B08WRKSF9D,110
B08WRKSF9D,76
B08WRKSF9D,304
B09R83SFYV,221
B09R83SFYV,172
B09R83SFYV,158
B09R83SFYV,209
B07989VV5K,221
B07989VV5K,172
B07989VV5K,11
B07989VV5K,268
B07989VV5K,49
B07989VV5K,95
B07FL3WRX5,221
B07FL3WRX5,172
B07FL3WRX5,272
B07FL3WRX5,282
B0BPCJM7TB,221
B0BPCJM7TB,172
B0BPCJM7TB,272
B0BPCJM7TB,1
B08H673XKN,221
B08H673XKN,172
B08H673XKN,272
B08H673XKN,60
B07DXRGWDJ,221
B07DXRGWDJ,172
B07DXRGWDJ,11
B07DXRGWDJ,268
B07DXRGWDJ,49
B07DXRGWDJ,95
B08243SKCK,221
B08243SKCK,223
B08243SKCK,255
B08243SKCK,230
B08243SKCK,105
B09SPTNG58,221
B09SPTNG58,110
B09SPTNG58,206
B09SPTNG58,32
B083J64CBB,221
B083J64CBB,223
B083J64CBB,255
B083J64CBB,120
B08JV91JTK,221
B08JV91JTK,172
B08JV91JTK,272
B08JV91JTK,210
B0BQ3K23Y1,221
B0BQ3K23Y1,172
B0BQ3K23Y1,272
B0BQ3K23Y1,1
B09MT94QLL,221
B09MT94QLL,110
B09MT94QLL,206
B09MT94QLL,32
B07NKNBTT3,221
B07NKNBTT3,172
B07NKNBTT3,11
B07NKNBTT3,268
B07NKNBTT3,42
B09KPXTZXN,221
B09KPXTZXN,172
B09KPXTZXN,272
B09KPXTZXN,131
B078HG2ZPS,221
B078HG2ZPS,172
B078HG2ZPS,272
B078HG2ZPS,138
B078HG2ZPS,73
B07N2MGB3G,221
B07N2MGB3G,172
B07N2MGB3G,272
B07N2MGB3G,122
B008LN8KDM,221
B008LN8KDM,172
B008LN8KDM,11
B008LN8KDM,268
B008LN8KDM,49
B008LN8KDM,95
B08MZNT7GP,221
B08MZNT7GP,110
B08MZNT7GP,126
B08MZNT7GP,31
B009P2L7CO,221
B009P2L7CO,172
B009P2L7CO,11
B009P2L7CO,268
B009P2L7CO,49
B009P2L7CO,231
B07YC8JHMB,221
B07YC8JHMB,172
B07YC8JHMB,290
B07YC8JHMB,278
B0BNQMF152,221
B0BNQMF152,172
B0BNQMF152,272
B0BNQMF152,282
B08J7VCT12,221
B08J7VCT12,172
B08J7VCT12,11
B08J7VCT12,275
B08J7VCT12,248
B08J7VCT12,137
B0989W6J2F,221
B0989W6J2F,172
B0989W6J2F,272
B0989W6J2F,97
B0B84KSH3X,221
B0B84KSH3X,172
B0B84KSH3X,11
B0B84KSH3X,268
B0B84KSH3X,49
B0B84KSH3X,231
B08HLC7Z3G,221
B08HLC7Z3G,172
B08HLC7Z3G,272
B08HLC7Z3G,107
B08HLC7Z3G,99
B0BN6M3TCM,221
B0BN6M3TCM,172
B0BN6M3TCM,11
B0BN6M3TCM,268
B0BN6M3TCM,42
B01L6MT7E0,221
B01L6MT7E0,110
B01L6MT7E0,123
B01L6MT7E0,243
B0B9F9PT8R,221
B0B9F9PT8R,110
B0B9F9PT8R,126
B0B9F9PT8R,102
B0883LQJ6B,221
B0883LQJ6B,172
B0883LQJ6B,11
B0883LQJ6B,268
B0883LQJ6B,49
B0883LQJ6B,231
B099Z83VRC,221
B099Z83VRC,172
B099Z83VRC,272
B099Z83VRC,165
B00S9BSJC8,221
B00S9BSJC8,172
B00S9BSJC8,272
B00S9BSJC8,185
B0B4SJKRDF,221
B0B4SJKRDF,172
B0B4SJKRDF,272
B0B4SJKRDF,144
B0B4SJKRDF,45
B0BM4KTNL1,221
B0BM4KTNL1,172
B0BM4KTNL1,272
B0BM4KTNL1,1
B08S6RKT4L,221
B08S6RKT4L,172
B08S6RKT4L,272
B09SZ5TWHW,221
B09SZ5TWHW,172
B09SZ5TWHW,11
B09SZ5TWHW,275
B09SZ5TWHW,248
B09SZ5TWHW,137
B0BLC2BYPX,221
B0BLC2BYPX,172
B0BLC2BYPX,272
B0BLC2BYPX,1
B00P0R95EA,221
B00P0R95EA,110
B00P0R95EA,76
B00P0R95EA,173
B07W4HTS8Q,221
B07W4HTS8Q,110
B07W4HTS8Q,76
B07W4HTS8Q,91
B078JBK4GX,221
B078JBK4GX,110
B078JBK4GX,76
B078JBK4GX,91
B08S7V8YTN,221
B08S7V8YTN,172
B08S7V8YTN,272
B08S7V8YTN,165
B07H5PBN54,221
B07H5PBN54,110
B07H5PBN54,76
B07H5PBN54,91
B07YCBSCYB,221
B07YCBSCYB,172
B07YCBSCYB,272
B07YCBSCYB,14
B098T9CJVQ,221
B098T9CJVQ,172
B098T9CJVQ,272
B098T9CJVQ,1
B01KCSGBU2,221
B01KCSGBU2,110
B01KCSGBU2,123
B01KCSGBU2,243
B095XCRDQW,221
B095XCRDQW,223
B095XCRDQW,255
B095XCRDQW,120
B09CTWFV5W,221
B09CTWFV5W,172
B09CTWFV5W,272
B09CTWFV5W,299
B09CTWFV5W,10
B0B7NWGXS6,221
B0B7NWGXS6,110
B0B7NWGXS6,126
B0B7NWGXS6,102
B07DZ986Q2,221
B07DZ986Q2,172
B07DZ986Q2,11
B07DZ986Q2,268
B07DZ986Q2,49
B07DZ986Q2,95
B07KKJPTWB,221
B07KKJPTWB,172
B07KKJPTWB,272
B07KKJPTWB,131
B071R3LHFM,221
B071R3LHFM,172
B071R3LHFM,272
B071R3LHFM,60
B086X18Q71,221
B086X18Q71,172
B086X18Q71,158
B086X18Q71,209
B07WVQG8WZ,221
B07WVQG8WZ,172
B07WVQG8WZ,11
B07WVQG8WZ,268
B07WVQG8WZ,49
B07WVQG8WZ,95
B0BFBNXS94,221
B0BFBNXS94,172
B0BFBNXS94,272
B0BFBNXS94,1
B071113J7M,221
B071113J7M,172
B071113J7M,272
B071113J7M,282
B09YLWT89W,221
B09YLWT89W,172
B09YLWT89W,290
B09YLWT89W,278
B0814LP6S9,221
B0814LP6S9,223
B0814LP6S9,255
B0814LP6S9,120
B07BKSSDR2,22
B07BKSSDR2,170
B07BKSSDR2,98
B07BKSSDR2,198
B07BKSSDR2,118
B09VGS66FV,221
B09VGS66FV,172
B09VGS66FV,272
B09VGS66FV,107
B09VGS66FV,99
B07RCGTZ4M,221
B07RCGTZ4M,172
B07RCGTZ4M,11
B07RCGTZ4M,275
B07RCGTZ4M,248
B07RCGTZ4M,166
B0747VDH9L,221
B0747VDH9L,172
B0747VDH9L,272
B0747VDH9L,1
B08XLR6DSB,221
B08XLR6DSB,172
B08XLR6DSB,158
B08XLR6DSB,209
B08H6CZSHT,221
B08H6CZSHT,172
B08H6CZSHT,11
B08H6CZSHT,268
B08H6CZSHT,49
B08H6CZSHT,95
B07CVR2L5K,221
B07CVR2L5K,172
B07CVR2L5K,272
B07CVR2L5K,131
B09J4YQYX3,221
B09J4YQYX3,172
B09J4YQYX3,272
B09J4YQYX3,165
B0B2DD8BQ8,221
B0B2DD8BQ8,172
B0B2DD8BQ8,272
B0B2DD8BQ8,63
B0123P3PWE,221
B0123P3PWE,110
B0123P3PWE,76
B0123P3PWE,173
B08HDCWDXD,221
B08HDCWDXD,172
B08HDCWDXD,11
B08HDCWDXD,275
B08HDCWDXD,248
B08HDCWDXD,137
B0836JGZ74,221
B0836JGZ74,110
B0836JGZ74,76
B0836JGZ74,91
B0BCKJJN8R,221
B0BCKJJN8R,110
B0BCKJJN8R,76
B0BCKJJN8R,91
B008P7IF02,221
B008P7IF02,172
B008P7IF02,152
B008P7IF02,313
B08CNLYKW5,221
B08CNLYKW5,172
B08CNLYKW5,272
B08CNLYKW5,60
B08C7TYHPB,221
B08C7TYHPB,172
B08C7TYHPB,272
B08C7TYHPB,107
B08C7TYHPB,99
B08VJFYH6N,221
B08VJFYH6N,110
B08VJFYH6N,206
B08VJFYH6N,254
B08235JZFB,221
B08235JZFB,172
B08235JZFB,11
B08235JZFB,268
B08235JZFB,49
B08235JZFB,231
B078XFKBZL,221
B078XFKBZL,172
B078XFKBZL,290
B078XFKBZL,6
B01M265AAK,221
B01M265AAK,110
B01M265AAK,126
B01M265AAK,102
B0B694PXQJ,221
B0B694PXQJ,172
B0B694PXQJ,272
B0B694PXQJ,144
B00B3VFJY2,221
B00B3VFJY2,172
B00B3VFJY2,290
B00B3VFJY2,39
B08W9BK4MD,221
B08W9BK4MD,223
B08W9BK4MD,255
B08W9BK4MD,120
B09X5HD5T1,221
B09X5HD5T1,172
B09X5HD5T1,152
B09X5HD5T1,92
B08H6B3G96,221
B08H6B3G96,172
B08H6B3G96,11
B08H6B3G96,268
B08H6B3G96,49
B08H6B3G96,95
B09N3BFP4M,221
B09N3BFP4M,110
B09N3BFP4M,76
B09N3BFP4M,304
B09DSQXCM8,221
B09DSQXCM8,172
B09DSQXCM8,11
B09DSQXCM8,268
B09DSQXCM8,42
B01M69WCZ6,221
B01M69WCZ6,110
B01M69WCZ6,155
B0BM9H2NY9,221
B0BM9H2NY9,172
B0BM9H2NY9,272
B0BM9H2NY9,165
B099FDW2ZF,221
B099FDW2ZF,110
B099FDW2ZF,126
B099FDW2ZF,102
B0B935YNR7,221
B0B935YNR7,172
B0B935YNR7,272
B0B935YNR7,131
B07JGCGNDG,221
B07JGCGNDG,110
B07JGCGNDG,76
B07JGCGNDG,304
B08L12N5H1,221
B08L12N5H1,172
B08L12N5H1,11
B08L12N5H1,275
B08L12N5H1,248
B08L12N5H1,137
B07GWTWFS2,221
B07GWTWFS2,172
B07GWTWFS2,272
B07GWTWFS2,63
B09KRHXTLN,221
B09KRHXTLN,110
B09KRHXTLN,126
B09KRHXTLN,31
B09H34V36W,221
B09H34V36W,110
B09H34V36W,126
B09H34V36W,31
B09J2QCKKM,221
B09J2QCKKM,110
B09J2QCKKM,76
B09J2QCKKM,173
B09XRBJ94N,221
B09XRBJ94N,172
B09XRBJ94N,272
B09XRBJ94N,63
B07SLNG3LW,221
B07SLNG3LW,172
B07SLNG3LW,11
B07SLNG3LW,275
B07SLNG3LW,248
B07SLNG3LW,166
B0BNDGL26T,221
B0BNDGL26T,172
B0BNDGL26T,272
B0BNDGL26T,282
B095PWLLY6,221
B095PWLLY6,110
B095PWLLY6,206
B095PWLLY6,32
B07Y9PY6Y1,221
B07Y9PY6Y1,172
B07Y9PY6Y1,272
B07Y9PY6Y1,282
B0BJ966M5K,221
B0BJ966M5K,172
B0BJ966M5K,290
B0BJ966M5K,278
B086GVRP63,221
B086GVRP63,172
B086GVRP63,152
B086GVRP63,43
B08MVXPTDG,221
B08MVXPTDG,110
B08MVXPTDG,126
B08MVXPTDG,31
B0BMZ6SY89,221
B0BMZ6SY89,110
B0BMZ6SY89,126
B0BMZ6SY89,31
B09P1MFKG1,221
B09P1MFKG1,110
B09P1MFKG1,126
B09P1MFKG1,31
B01LY9W8AF,221
B01LY9W8AF,223
B01LY9W8AF,255
B01LY9W8AF,120
B07ZJND9B9,221
B07ZJND9B9,110
B07ZJND9B9,206
B07ZJND9B9,32
B0B2CWRDB1,221
B0B2CWRDB1,172
B0B2CWRDB1,11
B0B2CWRDB1,174
B072NCN9M4,221
B072NCN9M4,172
B072NCN9M4,11
B072NCN9M4,275
B072NCN9M4,248
B072NCN9M4,166
B08SKZ2RMG,221
B08SKZ2RMG,172
B08SKZ2RMG,11
B08SKZ2RMG,268
B08SKZ2RMG,42
B0B53DS4TF,221
B0B53DS4TF,172
B0B53DS4TF,272
B0B53DS4TF,299
B0B53DS4TF,10
B08BJN4MP3,221
B08BJN4MP3,172
B08BJN4MP3,290
B08BJN4MP3,278
B0BCYQY9X5,221
B0BCYQY9X5,172
B0BCYQY9X5,290
B0BCYQY9X5,278
B009UORDX4,221
B009UORDX4,172
B009UORDX4,11
B009UORDX4,268
B009UORDX4,49
B009UORDX4,231
B08VGDBF3B,221
B08VGDBF3B,223
B08VGDBF3B,255
B08VGDBF3B,120
B012ELCYUG,221
B012ELCYUG,172
B012ELCYUG,272
B012ELCYUG,17
B012ELCYUG,141
B07S9M8YTY,221
B07S9M8YTY,172
B07S9M8YTY,11
B07S9M8YTY,268
B07S9M8YTY,49
B07S9M8YTY,231
B0B19VJXQZ,221
B0B19VJXQZ,172
B0B19VJXQZ,11
B0B19VJXQZ,275
B0B19VJXQZ,248
B0B19VJXQZ,80
B00SMFPJG0,221
B00SMFPJG0,172
B00SMFPJG0,290
B00SMFPJG0,6
B0BHYLCL19,221
B0BHYLCL19,172
B0BHYLCL19,290
B0BHYLCL19,39
B0BPJBTB3F,221
B0BPJBTB3F,110
B0BPJBTB3F,126
B0BPJBTB3F,31
B08MXJYB2V,221
B08MXJYB2V,172
B08MXJYB2V,272
B08MXJYB2V,60
B081B1JL35,221
B081B1JL35,110
B081B1JL35,76
B081B1JL35,91
B09VL9KFDB,221
B09VL9KFDB,110
B09VL9KFDB,206
B09VL9KFDB,254
B0B1MDZV9C,221
B0B1MDZV9C,172
B0B1MDZV9C,11
B0B1MDZV9C,275
B0B1MDZV9C,248
B0B1MDZV9C,137
B08TT63N58,221
B08TT63N58,172
B08TT63N58,272
B08TT63N58,185
B08YK7BBD2,221
B08YK7BBD2,172
B08YK7BBD2,272
B08YK7BBD2,97
B07YQ5SN4H,221
B07YQ5SN4H,172
B07YQ5SN4H,272
B07YQ5SN4H,63
B0B7FJNSZR,221
B0B7FJNSZR,172
B0B7FJNSZR,290
B0B7FJNSZR,278
B01N6IJG0F,221
B01N6IJG0F,172
B01N6IJG0F,11
B01N6IJG0F,268
B01N6IJG0F,49
B01N6IJG0F,231
B0B84QN4CN,221
B0B84QN4CN,172
B0B84QN4CN,11
B0B84QN4CN,268
B0B84QN4CN,49
B0B84QN4CN,231
B0B8ZM9RVV,221
B0B8ZM9RVV,172
B0B8ZM9RVV,272
B0B8ZM9RVV,165
B01892MIPA,221
B01892MIPA,110
B01892MIPA,76
B01892MIPA,304
B08ZHYNTM1,221
B08ZHYNTM1,110
B08ZHYNTM1,206
B08ZHYNTM1,32
B09SDDQQKP,221
B09SDDQQKP,172
B09SDDQQKP,11
B09SDDQQKP,275
B09SDDQQKP,248
B09SDDQQKP,137
B0B5RP43VN,221
B0B5RP43VN,172
B0B5RP43VN,272
B0B5RP43VN,63
B096NTB9XT,221
B096NTB9XT,172
B096NTB9XT,290
B096NTB9XT,278
B078JF6X9B,221
B078JF6X9B,110
B078JF6X9B,76
B078JF6X9B,91
B08CGW4GYR,221
B08CGW4GYR,172
B08CGW4GYR,272
B08CGW4GYR,1
B00A328ENA,221
B00A328ENA,172
B00A328ENA,272
B00A328ENA,201
B0763K5HLQ,221
B0763K5HLQ,172
B0763K5HLQ,152
B0763K5HLQ,92
B09PDZNSBG,221
B09PDZNSBG,172
B09PDZNSBG,11
B09PDZNSBG,268
B09PDZNSBG,49
B09PDZNSBG,95
B085LPT5F4,221
B085LPT5F4,172
B085LPT5F4,272
B085LPT5F4,60
B0B9RZ4G4W,221
B0B9RZ4G4W,172
B0B9RZ4G4W,272
B0B9RZ4G4W,1
B0085W2MUQ,221
B0085W2MUQ,172
B0085W2MUQ,272
B0085W2MUQ,1
B09474JWN6,221
B09474JWN6,172
B09474JWN6,11
B09474JWN6,268
B09474JWN6,42
B09G2VTHQM,221
B09G2VTHQM,172
B09G2VTHQM,272
B09G2VTHQM,59
B07R679HTT,221
B07R679HTT,172
B07R679HTT,272
B07R679HTT,185
B07R679HTT,27
B00B7GKXMG,221
B00B7GKXMG,172
B00B7GKXMG,11
B00B7GKXMG,268
B00B7GKXMG,49
B00B7GKXMG,231
B07H3N8RJH,221
B07H3N8RJH,172
B07H3N8RJH,11
B07H3N8RJH,275
B07H3N8RJH,248
B07H3N8RJH,183
B07K2HVKLL,221
B07K2HVKLL,110
B07K2HVKLL,76
B07K2HVKLL,173
B09MQ9PDHR,221
B09MQ9PDHR,110
B09MQ9PDHR,126
B09MQ9PDHR,31
B014HDJ7ZE,221
B014HDJ7ZE,110
B014HDJ7ZE,76
B014HDJ7ZE,91
B07D2NMTTV,221
B07D2NMTTV,172
B07D2NMTTV,11
B07D2NMTTV,268
B07D2NMTTV,49
B07D2NMTTV,95
B075K76YW1,221
B075K76YW1,172
B075K76YW1,272
B075K76YW1,210
B0BNLFQDG2,221
B0BNLFQDG2,110
B0BNLFQDG2,126
B0BNLFQDG2,102
B082ZQ4479,221
B082ZQ4479,172
B082ZQ4479,272
B082ZQ4479,138
B082ZQ4479,73
B09Y358DZQ,221
B09Y358DZQ,172
B09Y358DZQ,272
B09Y358DZQ,60
B09M3F4HGB,221
B09M3F4HGB,110
B09M3F4HGB,126
B09M3F4HGB,102
B07VZH6ZBB,221
B07VZH6ZBB,110
B07VZH6ZBB,76
B07VZH6ZBB,304
B07F366Z51,221
B07F366Z51,172
B07F366Z51,272
B07F366Z51,107
B07F366Z51,306
B077BTLQ67,221
B077BTLQ67,110
B077BTLQ67,76
B077BTLQ67,91
B07YSJ7FF1,221
B07YSJ7FF1,172
B07YSJ7FF1,11
B07YSJ7FF1,268
B07YSJ7FF1,49
B07YSJ7FF1,231
B07TXCY3YK,221
B07TXCY3YK,172
B07TXCY3YK,272
B07TXCY3YK,60
B07TC9F7PN,221
B07TC9F7PN,110
B07TC9F7PN,76
B07TC9F7PN,304
B09NS5TKPN,221
B09NS5TKPN,110
B09NS5TKPN,132
B09NS5TKPN,33
B00LP9RFSU,221
B00LP9RFSU,172
B00LP9RFSU,290
B00LP9RFSU,39
B0B7L86YCB,221
B0B7L86YCB,172
B0B7L86YCB,272
B0B7L86YCB,97
B09VPH38JS,221
B09VPH38JS,172
B09VPH38JS,272
B09VPH38JS,14
B01MUAUOCX,221
B01MUAUOCX,172
B01MUAUOCX,272
B01MUAUOCX,17
B09MB3DKG1,221
B09MB3DKG1,110
B09MB3DKG1,126
B09MB3DKG1,108
B08QHLXWV3,221
B08QHLXWV3,110
B08QHLXWV3,126
B08QHLXWV3,31
B07G147SZD,221
B07G147SZD,110
B07G147SZD,76
B07G147SZD,91
B09LH32678,221
B09LH32678,172
B09LH32678,272
B09LH32678,12
B09R1YFL6S,221
B09R1YFL6S,110
B09R1YFL6S,126
B09R1YFL6S,31
B07Q4NJQC5,221
B07Q4NJQC5,172
B07Q4NJQC5,272
B07Q4NJQC5,144
B097RN7BBK,221
B097RN7BBK,172
B097RN7BBK,272
B097RN7BBK,107
B097RN7BBK,99
B097MKZHNV,221
B097MKZHNV,110
B097MKZHNV,76
B097MKZHNV,91
B07LG96SDB,221
B07LG96SDB,110
B07LG96SDB,76
B07LG96SDB,173
B08KS2KQTK,221
B08KS2KQTK,172
B08KS2KQTK,152
B08KS2KQTK,43
B095K14P86,221
B095K14P86,172
B095K14P86,152
B095K14P86,41
B08K36NZSV,221
B08K36NZSV,172
B08K36NZSV,290
B08K36NZSV,39
B07LDPLSZC,221
B07LDPLSZC,172
B07LDPLSZC,11
B07LDPLSZC,268
B07LDPLSZC,49
B07LDPLSZC,231
B07F1T31ZZ,221
B07F1T31ZZ,172
B07F1T31ZZ,152
B07F1T31ZZ,43
B0BNDRK886,221
B0BNDRK886,172
B0BNDRK886,290
B0BNDRK886,39
B09ZVJXN5L,221
B09ZVJXN5L,110
B09ZVJXN5L,126
B09ZVJXN5L,31
B08JKPVDKL,221
B08JKPVDKL,172
B08JKPVDKL,152
B08JKPVDKL,89
B08JKPVDKL,207
B09JFR8H3Q,221
B09JFR8H3Q,172
B09JFR8H3Q,290
B09JFR8H3Q,39
B07LDN9Q2P,221
B07LDN9Q2P,172
B07LDN9Q2P,11
B07LDN9Q2P,268
B07LDN9Q2P,49
B07LDN9Q2P,231
B08T8KWNQ9,221
B08T8KWNQ9,110
B08T8KWNQ9,76
B08T8KWNQ9,91
B07Y1RCCW5,221
B07Y1RCCW5,110
B07Y1RCCW5,76
B07Y1RCCW5,91
B0762HXMTF,221
B0762HXMTF,172
B0762HXMTF,290
B0762HXMTF,278
B00K57MR22,221
B00K57MR22,172
B00K57MR22,272
B00K57MR22,60
B07TTSS5MP,221
B07TTSS5MP,172
B07TTSS5MP,272
B07TTSS5MP,60
B09ZDVL7L8,221
B09ZDVL7L8,172
B09ZDVL7L8,272
B09ZDVL7L8,60
B09XHXXCFH,221
B09XHXXCFH,172
B09XHXXCFH,272
B09XHXXCFH,201
B0BL3R4RGS,221
B0BL3R4RGS,172
B0BL3R4RGS,272
B0BL3R4RGS,282
B07P1BR7L8,221
B07P1BR7L8,172
B07P1BR7L8,272
B07P1BR7L8,122
B078WB1VWJ,221
B078WB1VWJ,172
B078WB1VWJ,11
B078WB1VWJ,268
B078WB1VWJ,49
B078WB1VWJ,231
B0BP89YBC1,221
B0BP89YBC1,110
B0BP89YBC1,76
B0BP89YBC1,91
B09W9V2PXG,221
B09W9V2PXG,172
B09W9V2PXG,272
B09W9V2PXG,144
B09XTQFFCG,221
B09XTQFFCG,172
B09XTQFFCG,11
B09XTQFFCG,275
B09XTQFFCG,248
B09XTQFFCG,137
B08LVVTGZK,221
B08LVVTGZK,172
B08LVVTGZK,272
B08LVVTGZK,63
B07J2BQZD6,221
B07J2BQZD6,223
B07J2BQZD6,255
B07J2BQZD6,120
B07HK53XM4,221
B07HK53XM4,172
B07HK53XM4,11
B07HK53XM4,268
B07HK53XM4,42
B08RDWBYCQ,221
B08RDWBYCQ,172
B08RDWBYCQ,272
B08RDWBYCQ,1
B09FHHTL8L,221
B09FHHTL8L,223
B09FHHTL8L,255
B09FHHTL8L,230
B09FHHTL8L,105
B0BHNHMR3H,221
B0BHNHMR3H,172
B0BHNHMR3H,272
B0BHNHMR3H,282
B07D8VBYB4,221
B07D8VBYB4,172
B07D8VBYB4,272
B07D8VBYB4,282
B0B3TBY2YX,221
B0B3TBY2YX,172
B0B3TBY2YX,272
B0B3TBY2YX,107
B0B3TBY2YX,306
B088WCFPQF,221
B088WCFPQF,172
B088WCFPQF,152
B088WCFPQF,5
B07JZSG42Y,221
B07JZSG42Y,172
B07JZSG42Y,272
B07JZSG42Y,63
B08YRMBK9R,221
B08YRMBK9R,110
B08YRMBK9R,76
B08YRMBK9R,304
B00935MGHS,221
B00935MGHS,172
B00935MGHS,272
B00935MGHS,63
B07B5XJ572,221
B07B5XJ572,172
B07B5XJ572,272
B07B5XJ572,107
B07B5XJ572,306
B086199CWG,221
B086199CWG,172
B086199CWG,272
B086199CWG,282
B0BBWJFK5C,221
B0BBWJFK5C,172
B0BBWJFK5C,11
B0BBWJFK5C,174
B07GLS2563,221
B07GLS2563,172
B07GLS2563,272
B07GLS2563,107
B07GLS2563,99
B09P182Z2H,221
B09P182Z2H,110
B09P182Z2H,155
B0B59K1C8F,221
B0B59K1C8F,172
B0B59K1C8F,11
B0B59K1C8F,268
B0B59K1C8F,42
B06Y36JKC3,221
B06Y36JKC3,172
B06Y36JKC3,152
B06Y36JKC3,89
B06Y36JKC3,207
B075S9FVRY,221
B075S9FVRY,172
B075S9FVRY,272
B075S9FVRY,60
B08SJVD8QD,221
B08SJVD8QD,172
B08SJVD8QD,272
B08SJVD8QD,144
B07FJNNZCJ,221
B07FJNNZCJ,172
B07FJNNZCJ,290
B07FJNNZCJ,278
B09MFR93KS,221
B09MFR93KS,172
B09MFR93KS,272
B09MFR93KS,60
B07Y5FDPKV,221
B07Y5FDPKV,172
B07Y5FDPKV,272
B07Y5FDPKV,1
B0756KCV5K,221
B0756KCV5K,172
B0756KCV5K,272
B0756KCV5K,14
B0BJ6P3LSK,221
B0BJ6P3LSK,172
B0BJ6P3LSK,290
B0BJ6P3LSK,278
B09HS1NDRQ,221
B09HS1NDRQ,223
B09HS1NDRQ,255
B09HS1NDRQ,120
B018SJJ0GE,221
B018SJJ0GE,172
B018SJJ0GE,272
B018SJJ0GE,301
B09FPP3R1D,221
B09FPP3R1D,172
B09FPP3R1D,272
B09FPP3R1D,165
B01F7B2JCI,221
B01F7B2JCI,172
B01F7B2JCI,152
B01F7B2JCI,89
B01F7B2JCI,207
B09NNZ1GF7,221
B09NNZ1GF7,172
B09NNZ1GF7,11
B09NNZ1GF7,268
B09NNZ1GF7,42
B01CS4A5V4,221
B01CS4A5V4,110
B01CS4A5V4,280
B01CS4A5V4,115
B0BL11S5QK,221
B0BL11S5QK,172
B0BL11S5QK,272
B0BL11S5QK,14
B09BL2KHQW,221
B09BL2KHQW,172
B09BL2KHQW,290
B09BL2KHQW,39
B081RLM75M,221
B081RLM75M,172
B081RLM75M,11
B081RLM75M,268
B081RLM75M,42
B07SYYVP69,221
B07SYYVP69,172
B07SYYVP69,272
B07SYYVP69,107
B07SYYVP69,306
B0BDZWMGZ1,221
B0BDZWMGZ1,172
B0BDZWMGZ1,272
B0BDZWMGZ1,60
B078JT7LTD,221
B078JT7LTD,172
B078JT7LTD,272
B078JT7LTD,60
B09WF4Q7B3,221
B09WF4Q7B3,172
B09WF4Q7B3,11
B09WF4Q7B3,268
B09WF4Q7B3,49
B09WF4Q7B3,95
B092R48XXB,221
B092R48XXB,172
B092R48XXB,11
B092R48XXB,275
B092R48XXB,248
B092R48XXB,80
B00KIDSU8S,221
B00KIDSU8S,110
B00KIDSU8S,206
B00KIDSU8S,291
B0977CGNJJ,221
B0977CGNJJ,172
B0977CGNJJ,272
B0977CGNJJ,227
B08WWKM5HQ,221
B08WWKM5HQ,110
B08WWKM5HQ,206
B08WWKM5HQ,32
B015GX9Y0W,221
B015GX9Y0W,172
B015GX9Y0W,272
B015GX9Y0W,12
B089BDBDGM,221
B089BDBDGM,223
B089BDBDGM,255
B089BDBDGM,120
B0BPBG712X,221
B0BPBG712X,110
B0BPBG712X,126
B0BPBG712X,31
B00JBNZPFM,221
B00JBNZPFM,172
B00JBNZPFM,11
B00JBNZPFM,275
B00JBNZPFM,248
B00JBNZPFM,166
B08N6P8G5K,221
B08N6P8G5K,172
B08N6P8G5K,272
B08N6P8G5K,299
B08N6P8G5K,10
B07NPBG1B4,221
B07NPBG1B4,110
B07NPBG1B4,206
B07NPBG1B4,274
B01MRARGBW,221
B01MRARGBW,172
B01MRARGBW,290
B01MRARGBW,39
B07VZYMQNZ,221
B07VZYMQNZ,172
B07VZYMQNZ,272
B07VZYMQNZ,107
B07VZYMQNZ,306
B01L7C4IU2,221
B01L7C4IU2,110
B01L7C4IU2,206
B01L7C4IU2,32
B09H7JDJCW,221
B09H7JDJCW,172
B09H7JDJCW,152
B09H7JDJCW,43
B07F6GXNPB,221
B07F6GXNPB,172
B07F6GXNPB,11
B07F6GXNPB,275
B07F6GXNPB,262
B07F6GXNPB,139
B07F6GXNPB,189
B0B97D658R,221
B0B97D658R,110
B0B97D658R,155
B09NFSHCWN,221
B09NFSHCWN,110
B09NFSHCWN,126
B09NFSHCWN,102
B076VQS87V,221
B076VQS87V,172
B076VQS87V,11
B076VQS87V,268
B076VQS87V,49
B076VQS87V,231
B09LMMFW3S,221
B09LMMFW3S,172
B09LMMFW3S,152
B09LMMFW3S,92
B0BBLHTRM9,221
B0BBLHTRM9,172
B0BBLHTRM9,290
B0BBLHTRM9,39
B0BJYSCWFQ,221
B0BJYSCWFQ,172
B0BJYSCWFQ,272
B0BJYSCWFQ,12
B0187F2IOK,221
B0187F2IOK,172
B0187F2IOK,272
B0187F2IOK,210
B0B8CB7MHW,221
B0B8CB7MHW,172
B0B8CB7MHW,272
B0B8CB7MHW,1
B07K19NYZ8,221
B07K19NYZ8,110
B07K19NYZ8,126
B07K19NYZ8,31
B08ZXZ362Z,221
B08ZXZ362Z,172
B08ZXZ362Z,158
B08ZXZ362Z,209
B00GHL8VP2,221
B00GHL8VP2,110
B00GHL8VP2,126
B00GHL8VP2,102
B0B9JZW1SQ,221
B0B9JZW1SQ,172
B0B9JZW1SQ,272
B0B9JZW1SQ,131
B00TI8E7BI,221
B00TI8E7BI,172
B00TI8E7BI,272
B00TI8E7BI,107
B00TI8E7BI,306
B07J9KXQCC,221
B07J9KXQCC,110
B07J9KXQCC,126
B07J9KXQCC,102
B0B3JSWG81,221
B0B3JSWG81,172
B0B3JSWG81,11
B0B3JSWG81,268
B0B3JSWG81,42
B08L7J3T31,221
B08L7J3T31,172
B08L7J3T31,290
B08L7J3T31,39
B01M6453MB,221
B01M6453MB,172
B01M6453MB,272
B01M6453MB,201
B009P2LIL4,221
B009P2LIL4,110
B009P2LIL4,126
B009P2LIL4,271
B00J5DYCCA,221
B00J5DYCCA,110
B00J5DYCCA,206
B00J5DYCCA,291
B01486F4G6,221
B01486F4G6,172
B01486F4G6,272
B01486F4G6,63
