product_id,category_id
B07JW9H4J1,67
B07JW9H4J1,209
B07JW9H4J1,61
B07JW9H4J1,299
B07JW9H4J1,269
B098NS6PVG,67
B098NS6PVG,209
B098NS6PVG,61
B098NS6PVG,299
B098NS6PVG,269
B096MSW6CT,67
B096MSW6CT,209
B096MSW6CT,61
B096MSW6CT,299
B096MSW6CT,269
B08HDJ86NZ,67
B08HDJ86NZ,209
B08HDJ86NZ,61
B08HDJ86NZ,299
B08HDJ86NZ,269
B08CF3B7N1,67
B08CF3B7N1,209
B08CF3B7N1,61
B08CF3B7N1,299
B08CF3B7N1,269
B08Y1TFSP6,67
B08Y1TFSP6,209
B08Y1TFSP6,61
B08Y1TFSP6,299
B08Y1TFSP6,269
B08WRWPM22,67
B08WRWPM22,209
B08WRWPM22,61
B08WRWPM22,299
B08WRWPM22,269
B08DDRGWTJ,67
B08DDRGWTJ,209
B08DDRGWTJ,61
B08DDRGWTJ,299
B08DDRGWTJ,269
B008IFXQFU,67
B008IFXQFU,212
B008IFXQFU,13
B008IFXQFU,284
B082LZGK39,67
B082LZGK39,209
B082LZGK39,61
B082LZGK39,299
B082LZGK39,269
B08CF3D7QR,67
B08CF3D7QR,209
B08CF3D7QR,61
B08CF3D7QR,299
B08CF3D7QR,269
B0789LZTCJ,67
B0789LZTCJ,209
B0789LZTCJ,61
B0789LZTCJ,299
B0789LZTCJ,269
B07KSMBL2H,42
B07KSMBL2H,258
B07KSMBL2H,168
B07KSMBL2H,299
B07KSMBL2H,277
B085DTN6R2,67
B085DTN6R2,209
B085DTN6R2,61
B085DTN6R2,299
B085DTN6R2,269
B09KLVMZ3B,67
B09KLVMZ3B,209
B09KLVMZ3B,61
B09KLVMZ3B,299
B09KLVMZ3B,269
B083342NKJ,67
B083342NKJ,209
B083342NKJ,61
B083342NKJ,299
B083342NKJ,269
B0B6F7LX4C,42
B0B6F7LX4C,258
B0B6F7LX4C,249
B0B6F7LX4C,101
B082LSVT4B,67
B082LSVT4B,209
B082LSVT4B,61
B082LSVT4B,299
B082LSVT4B,269
B08WRBG3XW,67
B08WRBG3XW,209
B08WRBG3XW,61
B08WRBG3XW,299
B08WRBG3XW,269
B08DPLCM6T,42
B08DPLCM6T,258
B08DPLCM6T,249
B08DPLCM6T,101
B09C6HXFC1,67
B09C6HXFC1,209
B09C6HXFC1,61
B09C6HXFC1,299
B09C6HXFC1,269
B085194JFL,42
B085194JFL,258
B085194JFL,168
B085194JFL,299
B085194JFL,277
B09F6S8BT6,42
B09F6S8BT6,258
B09F6S8BT6,249
B09F6S8BT6,101
B09NHVCHS9,67
B09NHVCHS9,209
B09NHVCHS9,61
B09NHVCHS9,299
B09NHVCHS9,269
B0B1YVCJ2Y,42
B0B1YVCJ2Y,258
B0B1YVCJ2Y,249
B0B1YVCJ2Y,101
B01M4GGIVU,42
B01M4GGIVU,258
B01M4GGIVU,168
B01M4GGIVU,299
B01M4GGIVU,277
B08B42LWKN,42
B08B42LWKN,258
B08B42LWKN,249
B08B42LWKN,101
B094JNXNPV,67
B094JNXNPV,209
B094JNXNPV,61
B094JNXNPV,299
B094JNXNPV,269
B09W5XR9RT,67
B09W5XR9RT,209
B09W5XR9RT,61
B09W5XR9RT,299
B09W5XR9RT,269
B077Z65HSD,67
B077Z65HSD,209
B077Z65HSD,61
B077Z65HSD,299
B077Z65HSD,269
B00NH11PEY,67
B00NH11PEY,209
B00NH11PEY,61
B00NH11PEY,299
B00NH11PEY,269
B09CMM3VGK,67
B09CMM3VGK,209
B09CMM3VGK,61
B09CMM3VGK,299
B09CMM3VGK,269
B08QSC1XY8,67
B08QSC1XY8,209
B08QSC1XY8,61
B08QSC1XY8,299
B08QSC1XY8,269
B008FWZGSG,67
B008FWZGSG,209
B008FWZGSG,61
B008FWZGSG,299
B008FWZGSG,269
B0B4HJNPV4,67
B0B4HJNPV4,209
B0B4HJNPV4,61
B0B4HJNPV4,299
B0B4HJNPV4,269
B08Y1SJVV5,67
B08Y1SJVV5,209
B08Y1SJVV5,61
B08Y1SJVV5,299
B08Y1SJVV5,269
B07XLCFSSN,67
B07XLCFSSN,209
B07XLCFSSN,61
B07XLCFSSN,299
B07XLCFSSN,269
B09RZS1NQT,67
B09RZS1NQT,209
B09RZS1NQT,61
B09RZS1NQT,299
B09RZS1NQT,269
B0B3MMYHYW,42
B0B3MMYHYW,258
B0B3MMYHYW,249
B0B3MMYHYW,101
B09C6HWG18,67
B09C6HWG18,209
B09C6HWG18,61
B09C6HWG18,299
B09C6HWG18,269
B00NH11KIK,67
B00NH11KIK,209
B00NH11KIK,61
B00NH11KIK,299
B00NH11KIK,269
B09JPC82QC,42
B09JPC82QC,258
B09JPC82QC,249
B09JPC82QC,101
B07JW1Y6XV,67
B07JW1Y6XV,209
B07JW1Y6XV,61
B07JW1Y6XV,299
B07JW1Y6XV,269
B07KRCW6LZ,67
B07KRCW6LZ,212
B07KRCW6LZ,13
B07KRCW6LZ,284
B09NJN8L25,67
B09NJN8L25,209
B09NJN8L25,61
B09NJN8L25,299
B09NJN8L25,269
B07XJYYH7L,67
B07XJYYH7L,209
B07XJYYH7L,61
B07XJYYH7L,299
B07XJYYH7L,269
B002PD61Y4,67
B002PD61Y4,212
B002PD61Y4,13
B002PD61Y4,284
B014I8SSD0,42
B014I8SSD0,258
B014I8SSD0,168
B014I8SSD0,299
B014I8SSD0,277
B09L8DSSFH,42
B09L8DSSFH,258
B09L8DSSFH,168
B09L8DSSFH,19
B07232M876,67
B07232M876,209
B07232M876,61
B07232M876,299
B07232M876,269
B07P681N66,67
B07P681N66,212
B07P681N66,13
B07P681N66,284
B0711PVX6Z,67
B0711PVX6Z,209
B0711PVX6Z,61
B0711PVX6Z,299
B0711PVX6Z,269
B082T6V3DT,67
B082T6V3DT,209
B082T6V3DT,61
B082T6V3DT,299
B082T6V3DT,269
B07MKFNHKG,42
B07MKFNHKG,258
B07MKFNHKG,249
B07MKFNHKG,167
B0BFWGBX61,67
B0BFWGBX61,209
B0BFWGBX61,61
B0BFWGBX61,299
B0BFWGBX61,269
B01N90RZ4M,42
B01N90RZ4M,258
B01N90RZ4M,168
B01N90RZ4M,19
B0088TKTY2,67
B0088TKTY2,212
B0088TKTY2,13
B0088TKTY2,284
B09Q5SWVBJ,42
B09Q5SWVBJ,258
B09Q5SWVBJ,249
B09Q5SWVBJ,101
B0B4DT8MKT,67
B0B4DT8MKT,209
B0B4DT8MKT,61
B0B4DT8MKT,299
B0B4DT8MKT,269
B08CDKQ8T6,67
B08CDKQ8T6,209
B08CDKQ8T6,61
B08CDKQ8T6,299
B08CDKQ8T6,269
B07B275VN9,42
B07B275VN9,258
B07B275VN9,168
B07B275VN9,19
B0B15CPR37,42
B0B15CPR37,258
B0B15CPR37,249
B0B15CPR37,101
B0994GFWBH,67
B0994GFWBH,209
B0994GFWBH,61
B0994GFWBH,299
B0994GFWBH,269
B01GGKZ0V6,67
B01GGKZ0V6,209
B01GGKZ0V6,61
B01GGKZ0V6,299
B01GGKZ0V6,269
B09F9YQQ7B,42
B09F9YQQ7B,258
B09F9YQQ7B,249
B09F9YQQ7B,101
B014I8SX4Y,42
B014I8SX4Y,258
B014I8SX4Y,168
B014I8SX4Y,299
B014I8SX4Y,277
B09Q8HMKZX,67
B09Q8HMKZX,209
B09Q8HMKZX,61
B09Q8HMKZX,299
B09Q8HMKZX,269
B0B9XN9S3W,42
B0B9XN9S3W,258
B0B9XN9S3W,249
B0B9XN9S3W,167
B07966M8XH,42
B07966M8XH,258
B07966M8XH,168
B07966M8XH,79
B07966M8XH,99
B01GGKYKQM,67
B01GGKYKQM,209
B01GGKYKQM,61
B01GGKYKQM,299
B01GGKYKQM,269
B0B86CDHL1,67
B0B86CDHL1,209
B0B86CDHL1,61
B0B86CDHL1,299
B0B86CDHL1,269
B0B5ZF3NRK,67
B0B5ZF3NRK,209
B0B5ZF3NRK,61
B0B5ZF3NRK,299
B0B5ZF3NRK,269
B09RFC46VP,42
B09RFC46VP,258
B09RFC46VP,249
B09RFC46VP,101
B08R69VDHT,67
B08R69VDHT,209
B08R69VDHT,61
B08R69VDHT,299
B08R69VDHT,269
B09RWZRCP1,67
B09RWZRCP1,209
B09RWZRCP1,61
B09RWZRCP1,299
B09RWZRCP1,269
B09CMP1SC8,67
B09CMP1SC8,209
B09CMP1SC8,61
B09CMP1SC8,299
B09CMP1SC8,269
B09YLXYP7Y,67
B09YLXYP7Y,209
B09YLXYP7Y,61
B09YLXYP7Y,299
B09YLXYP7Y,269
B09ZPM4C2C,42
B09ZPM4C2C,258
B09ZPM4C2C,249
B09ZPM4C2C,101
B0B2DJDCPX,67
B0B2DJDCPX,209
B0B2DJDCPX,61
B0B2DJDCPX,299
B0B2DJDCPX,269
B0BCZCQTJX,42
B0BCZCQTJX,258
B0BCZCQTJX,168
B0BCZCQTJX,19
B07LGT55SJ,67
B07LGT55SJ,209
B07LGT55SJ,61
B07LGT55SJ,299
B07LGT55SJ,269
B09NKZXMWJ,67
B09NKZXMWJ,209
B09NKZXMWJ,61
B09NKZXMWJ,299
B09NKZXMWJ,269
B08QX1CC14,42
B08QX1CC14,258
B08QX1CC14,249
B08QX1CC14,101
B0974H97TJ,67
B0974H97TJ,209
B0974H97TJ,61
B0974H97TJ,299
B0974H97TJ,269
B07GVGTSLN,67
B07GVGTSLN,209
B07GVGTSLN,61
B07GVGTSLN,299
B07GVGTSLN,269
B09VCHLSJF,42
B09VCHLSJF,258
B09VCHLSJF,249
B09VCHLSJF,101
B0B1YZX72F,42
B0B1YZX72F,258
B0B1YZX72F,249
B0B1YZX72F,101
B092BJMT8Q,42
B092BJMT8Q,258
B092BJMT8Q,249
B092BJMT8Q,101
B0BMXMLSMM,67
B0BMXMLSMM,209
B0BMXMLSMM,61
B0BMXMLSMM,299
B0BMXMLSMM,269
B07JH1C41D,67
B07JH1C41D,209
B07JH1C41D,61
B07JH1C41D,299
B07JH1C41D,269
B0141EZMAI,67
B0141EZMAI,212
B0141EZMAI,13
B0141EZMAI,284
B09Q5P2MT3,42
B09Q5P2MT3,258
B09Q5P2MT3,249
B09Q5P2MT3,101
B08HDH26JX,67
B08HDH26JX,209
B08HDH26JX,61
B08HDH26JX,299
B08HDH26JX,269
B09VT6JKRP,67
B09VT6JKRP,209
B09VT6JKRP,61
B09VT6JKRP,299
B09VT6JKRP,269
B09T3KB6JZ,42
B09T3KB6JZ,258
B09T3KB6JZ,249
B09T3KB6JZ,101
B093QCY6YJ,67
B093QCY6YJ,212
B093QCY6YJ,13
B093QCY6YJ,284
B093ZNQZ2Y,42
B093ZNQZ2Y,258
B093ZNQZ2Y,168
B093ZNQZ2Y,19
B08LKS3LSP,67
B08LKS3LSP,209
B08LKS3LSP,61
B08LKS3LSP,299
B08LKS3LSP,269
B00V4BGDKU,67
B00V4BGDKU,212
B00V4BGDKU,13
B00V4BGDKU,284
B08CHKQ8D4,67
B08CHKQ8D4,209
B08CHKQ8D4,61
B08CHKQ8D4,299
B08CHKQ8D4,269
B09BW334ML,42
B09BW334ML,258
B09BW334ML,168
B09BW334ML,19
B082T6GVLJ,67
B082T6GVLJ,209
B082T6GVLJ,61
B082T6GVLJ,299
B082T6GVLJ,269
B07DL1KC3H,42
B07DL1KC3H,258
B07DL1KC3H,168
B07DL1KC3H,19
B0B6F98KJJ,42
B0B6F98KJJ,258
B0B6F98KJJ,249
B0B6F98KJJ,101
B07JNVF678,67
B07JNVF678,209
B07JNVF678,61
B07JNVF678,299
B07JNVF678,269
B09QGZFBPM,67
B09QGZFBPM,209
B09QGZFBPM,61
B09QGZFBPM,299
B09QGZFBPM,269
B07JGDB5M1,67
B07JGDB5M1,209
B07JGDB5M1,61
B07JGDB5M1,299
B07JGDB5M1,269
B0981XSZJ7,67
B0981XSZJ7,209
B0981XSZJ7,61
B0981XSZJ7,299
B0981XSZJ7,269
B0B9XLX8VR,42
B0B9XLX8VR,258
B0B9XLX8VR,249
B0B9XLX8VR,101
B08Y5KXR6Z,67
B08Y5KXR6Z,209
B08Y5KXR6Z,61
B08Y5KXR6Z,299
B08Y5KXR6Z,269
B09F6VHQXB,42
B09F6VHQXB,258
B09F6VHQXB,249
B09F6VHQXB,167
B0974G5Q2Y,67
B0974G5Q2Y,209
B0974G5Q2Y,61
B0974G5Q2Y,299
B0974G5Q2Y,269
B09YL9SN9B,42
B09YL9SN9B,258
B09YL9SN9B,249
B09YL9SN9B,101
B09RX1FK54,67
B09RX1FK54,209
B09RX1FK54,61
B09RX1FK54,299
B09RX1FK54,269
B09TT6BFDX,42
B09TT6BFDX,258
B09TT6BFDX,168
B09TT6BFDX,19
B09KH58JZR,67
B09KH58JZR,209
B09KH58JZR,61
B09KH58JZR,299
B09KH58JZR,269
B09DDCQFMT,42
B09DDCQFMT,258
B09DDCQFMT,168
B09DDCQFMT,19
B08RP2L2NL,67
B08RP2L2NL,209
B08RP2L2NL,61
B08RP2L2NL,299
B08RP2L2NL,269
B0B4G2MWSB,67
B0B4G2MWSB,209
B0B4G2MWSB,61
B0B4G2MWSB,299
B0B4G2MWSB,269
B0B21C4BMX,67
B0B21C4BMX,209
B0B21C4BMX,61
B0B21C4BMX,299
B0B21C4BMX,269
B084MZXJNK,67
B084MZXJNK,209
B084MZXJNK,61
B084MZXJNK,299
B084MZXJNK,269
B0BHZCNC4P,42
B0BHZCNC4P,258
B0BHZCNC4P,168
B0BHZCNC4P,19
B0B16KD737,42
B0B16KD737,258
B0B16KD737,249
B0B16KD737,101
B099K9ZX65,42
B099K9ZX65,258
B099K9ZX65,249
B099K9ZX65,101
B08Y55LPBF,42
B08Y55LPBF,258
B08Y55LPBF,249
B08Y55LPBF,101
B015OW3M1W,42
B015OW3M1W,258
B015OW3M1W,168
B015OW3M1W,299
B015OW3M1W,277
B01D5H8ZI8,42
B01D5H8ZI8,258
B01D5H8ZI8,168
B01D5H8ZI8,299
B01D5H8ZI8,277
B09X1M3DHX,42
B09X1M3DHX,258
B09X1M3DHX,249
B09X1M3DHX,101
B09MM6P76N,42
B09MM6P76N,258
B09MM6P76N,168
B09MM6P76N,19
B01D5H8LDM,42
B01D5H8LDM,258
B01D5H8LDM,168
B01D5H8LDM,299
B01D5H8LDM,14
B0B1YY6JJL,42
B0B1YY6JJL,258
B0B1YY6JJL,249
B0B1YY6JJL,101
B09QGZM8QB,67
B09QGZM8QB,209
B09QGZM8QB,61
B09QGZM8QB,299
B09QGZM8QB,269
B08L4SBJRY,42
B08L4SBJRY,276
B08L4SBJRY,168
B08L4SBJRY,235
B08L4SBJRY,175
B09X79PP8F,67
B09X79PP8F,209
B09X79PP8F,61
B09X79PP8F,299
B09X79PP8F,269
B082T6GVG9,67
B082T6GVG9,209
B082T6GVG9,61
B082T6GVG9,299
B082T6GVG9,269
B0B3XY5YT4,42
B0B3XY5YT4,258
B0B3XY5YT4,249
B0B3XY5YT4,101
B0B4HKH19N,67
B0B4HKH19N,209
B0B4HKH19N,61
B0B4HKH19N,299
B0B4HKH19N,269
B08TGG316Z,42
B08TGG316Z,258
B08TGG316Z,168
B08TGG316Z,299
B08TGG316Z,277
B071VMP1Z4,42
B071VMP1Z4,258
B071VMP1Z4,168
B071VMP1Z4,19
B071SDRGWL,67
B071SDRGWL,209
B071SDRGWL,61
B071SDRGWL,299
B071SDRGWL,269
B08PSQRW2T,67
B08PSQRW2T,209
B08PSQRW2T,61
B08PSQRW2T,299
B08PSQRW2T,269
B0859M539M,67
B0859M539M,212
B0859M539M,13
B0859M539M,284
B08RX8G496,42
B08RX8G496,258
B08RX8G496,168
B08RX8G496,19
B002SZEOLG,67
B002SZEOLG,212
B002SZEOLG,13
B002SZEOLG,284
B08CS3BT4L,42
B08CS3BT4L,258
B08CS3BT4L,249
B08CS3BT4L,101
B00RFWNJMC,42
B00RFWNJMC,258
B00RFWNJMC,168
B00RFWNJMC,19
B082T6GXS5,67
B082T6GXS5,209
B082T6GXS5,61
B082T6GXS5,299
B082T6GXS5,269
B09CMQRQM6,67
B09CMQRQM6,209
B09CMQRQM6,61
B09CMQRQM6,299
B09CMQRQM6,269
B005LJQMCK,42
B005LJQMCK,258
B005LJQMCK,168
B005LJQMCK,299
B005LJQMCK,5
B09C6H53KH,67
B09C6H53KH,209
B09C6H53KH,61
B09C6H53KH,299
B09C6H53KH,269
B0BB3CBFBM,42
B0BB3CBFBM,258
B0BB3CBFBM,249
B0BB3CBFBM,101
B08QSDKFGQ,67
B08QSDKFGQ,209
B08QSDKFGQ,61
B08QSDKFGQ,299
B08QSDKFGQ,269
B08PV1X771,42
B08PV1X771,258
B08PV1X771,249
B08PV1X771,101
B07YTNKVJQ,67
B07YTNKVJQ,209
B07YTNKVJQ,61
B07YTNKVJQ,299
B07YTNKVJQ,269
B0117H7GZ6,67
B0117H7GZ6,212
B0117H7GZ6,13
B0117H7GZ6,284
B09XJ1LM7R,42
B09XJ1LM7R,258
B09XJ1LM7R,168
B09XJ1LM7R,19
B084N133Y7,67
B084N133Y7,209
B084N133Y7,61
B084N133Y7,299
B084N133Y7,269
B088Z1YWBC,42
B088Z1YWBC,258
B088Z1YWBC,307
B07VSG5SXZ,42
B07VSG5SXZ,258
B07VSG5SXZ,168
B07VSG5SXZ,299
B07VSG5SXZ,277
B08RWCZ6SY,42
B08RWCZ6SY,258
B08RWCZ6SY,168
B08RWCZ6SY,19
B07KSB1MLX,42
B07KSB1MLX,258
B07KSB1MLX,168
B07KSB1MLX,299
B07KSB1MLX,5
B081FG1QYX,67
B081FG1QYX,209
B081FG1QYX,61
B081FG1QYX,299
B081FG1QYX,269
B08R69WBN7,67
B08R69WBN7,209
B08R69WBN7,61
B08R69WBN7,299
B08R69WBN7,269
B0B3RHX6B6,67
B0B3RHX6B6,209
B0B3RHX6B6,61
B0B3RHX6B6,299
B0B3RHX6B6,269
B084N18QZY,67
B084N18QZY,209
B084N18QZY,61
B084N18QZY,299
B084N18QZY,269
B081NHWT6Z,42
B081NHWT6Z,258
B081NHWT6Z,168
B081NHWT6Z,19
B07JPJJZ2H,67
B07JPJJZ2H,209
B07JPJJZ2H,61
B07JPJJZ2H,299
B07JPJJZ2H,269
B09JKNF147,42
B09JKNF147,258
B09JKNF147,168
B09JKNF147,19
B0B9959XF3,42
B0B9959XF3,258
B0B9959XF3,249
B0B9959XF3,101
B09PNR6F8Q,67
B09PNR6F8Q,209
B09PNR6F8Q,61
B09PNR6F8Q,299
B09PNR6F8Q,269
B07M69276N,67
B07M69276N,212
B07M69276N,13
B07M69276N,284
B0B1YZ9CB8,42
B0B1YZ9CB8,258
B0B1YZ9CB8,249
B0B1YZ9CB8,101
B09YLYB9PB,67
B09YLYB9PB,209
B09YLYB9PB,61
B09YLYB9PB,299
B09YLYB9PB,269
B08CTNJ985,67
B08CTNJ985,209
B08CTNJ985,61
B08CTNJ985,299
B08CTNJ985,269
B0BP7XLX48,67
B0BP7XLX48,209
B0BP7XLX48,61
B0BP7XLX48,299
B0BP7XLX48,269
B09LHXNZLR,67
B09LHXNZLR,212
B09LHXNZLR,13
B09LHXNZLR,284
B0B3N8VG24,67
B0B3N8VG24,209
B0B3N8VG24,61
B0B3N8VG24,299
B0B3N8VG24,269
B08PSVBB2X,67
B08PSVBB2X,209
B08PSVBB2X,61
B08PSVBB2X,299
B08PSVBB2X,269
B0B3MQXNFB,67
B0B3MQXNFB,209
B0B3MQXNFB,61
B0B3MQXNFB,299
B0B3MQXNFB,269
B08XMSKKMM,42
B08XMSKKMM,258
B08XMSKKMM,168
B08XMSKKMM,19
B09L8DT7D6,42
B09L8DT7D6,258
B09L8DT7D6,168
B09L8DT7D6,19
B00GE55L22,67
B00GE55L22,209
B00GE55L22,61
B00GE55L22,299
B00GE55L22,269
B0162K34H2,67
B0162K34H2,209
B0162K34H2,61
B0162K34H2,299
B0162K34H2,269
B0B8SRZ5SV,67
B0B8SRZ5SV,209
B0B8SRZ5SV,61
B0B8SRZ5SV,299
B0B8SRZ5SV,269
B07CWNJLPC,67
B07CWNJLPC,209
B07CWNJLPC,61
B07CWNJLPC,299
B07CWNJLPC,269
B00NH12R1O,67
B00NH12R1O,209
B00NH12R1O,61
B00NH12R1O,299
B00NH12R1O,269
B0B8SSC5D9,67
B0B8SSC5D9,209
B0B8SSC5D9,61
B0B8SSC5D9,299
B0B8SSC5D9,269
B08WKG2MWT,67
B08WKG2MWT,209
B08WKG2MWT,61
B08WKG2MWT,299
B08WKG2MWT,269
B0B466C3G4,42
B0B466C3G4,258
B0B466C3G4,249
B0B466C3G4,101
B005LJQMZC,42
B005LJQMZC,258
B005LJQMZC,168
B005LJQMZC,299
B005LJQMZC,5
B07MDRGHWQ,42
B07MDRGHWQ,258
B07MDRGHWQ,249
B07MDRGHWQ,167
B07DC4RZPY,67
B07DC4RZPY,209
B07DC4RZPY,61
B07DC4RZPY,299
B07DC4RZPY,269
B0B15GSPQW,42
B0B15GSPQW,258
B0B15GSPQW,249
B0B15GSPQW,101
B08GJNM9N7,42
B08GJNM9N7,258
B08GJNM9N7,168
B08GJNM9N7,19
B09C6FML9B,67
B09C6FML9B,209
B09C6FML9B,61
B09C6FML9B,299
B09C6FML9B,269
B0B65MJ45G,67
B0B65MJ45G,209
B0B65MJ45G,61
B0B65MJ45G,299
B0B65MJ45G,269
B08P9RYPLR,67
B08P9RYPLR,209
B08P9RYPLR,61
B08P9RYPLR,299
B08P9RYPLR,269
B0B6F8HHR6,42
B0B6F8HHR6,258
B0B6F8HHR6,249
B0B6F8HHR6,101
B084MZXJN6,67
B084MZXJN6,209
B084MZXJN6,61
B084MZXJN6,299
B084MZXJN6,269
B08XMG618K,67
B08XMG618K,209
B08XMG618K,61
B08XMG618K,299
B08XMG618K,269
B0BCKWZ884,42
B0BCKWZ884,258
B0BCKWZ884,168
B0BCKWZ884,19
B00GGGOYEK,67
B00GGGOYEK,209
B00GGGOYEK,61
B00GGGOYEK,299
B00GGGOYEK,269
B07ZR4S1G4,42
B07ZR4S1G4,258
B07ZR4S1G4,168
B07ZR4S1G4,19
B09C635BMM,42
B09C635BMM,258
B09C635BMM,168
B09C635BMM,19
B00GG59HU2,42
B00GG59HU2,258
B00GG59HU2,168
B00GG59HU2,299
B00GG59HU2,277
B00RGLI0ZS,67
B00RGLI0ZS,209
B00RGLI0ZS,61
B00RGLI0ZS,299
B00RGLI0ZS,269
B09ZPJT8B2,42
B09ZPJT8B2,258
B09ZPJT8B2,249
B09ZPJT8B2,101
B07HZ2QCGR,67
B07HZ2QCGR,209
B07HZ2QCGR,61
B07HZ2QCGR,299
B07HZ2QCGR,269
B095244Q22,67
B095244Q22,209
B095244Q22,61
B095244Q22,299
B095244Q22,269
B08CKW1KH9,42
B08CKW1KH9,258
B08CKW1KH9,168
B08CKW1KH9,19
B0BLV1GNLN,42
B0BLV1GNLN,258
B0BLV1GNLN,307
B08RHPDNVV,42
B08RHPDNVV,258
B08RHPDNVV,168
B08RHPDNVV,19
B00NH13Q8W,67
B00NH13Q8W,209
B00NH13Q8W,61
B00NH13Q8W,299
B00NH13Q8W,269
B0B8SSZ76F,67
B0B8SSZ76F,209
B0B8SSZ76F,61
B0B8SSZ76F,299
B0B8SSZ76F,269
B0841KQR1Z,42
B0841KQR1Z,258
B0841KQR1Z,168
B0841KQR1Z,19
B0B467CCB9,42
B0B467CCB9,258
B0B467CCB9,249
B0B467CCB9,167
B095JQVC7N,42
B095JQVC7N,258
B095JQVC7N,249
B095JQVC7N,101
B08PPHFXG3,42
B08PPHFXG3,258
B08PPHFXG3,168
B08PPHFXG3,299
B08PPHFXG3,277
B06XR9PR5X,42
B06XR9PR5X,276
B06XR9PR5X,168
B06XR9PR5X,250
B09JSW16QD,67
B09JSW16QD,209
B09JSW16QD,61
B09JSW16QD,299
B09JSW16QD,269
B07JH1CBGW,67
B07JH1CBGW,209
B07JH1CBGW,61
B07JH1CBGW,299
B07JH1CBGW,269
B09127FZCK,42
B09127FZCK,258
B09127FZCK,168
B09127FZCK,19
B083GQGT3Z,42
B083GQGT3Z,258
B083GQGT3Z,168
B083GQGT3Z,79
B083GQGT3Z,99
B09Q8WQ5QJ,67
B09Q8WQ5QJ,209
B09Q8WQ5QJ,61
B09Q8WQ5QJ,299
B09Q8WQ5QJ,269
B07YZG8PPY,42
B07YZG8PPY,258
B07YZG8PPY,69
B07YZG8PPY,242
B09H39KTTB,42
B09H39KTTB,258
B09H39KTTB,168
B09H39KTTB,19
B08DCVRW98,42
B08DCVRW98,258
B08DCVRW98,168
B08DCVRW98,19
B0718ZN31Q,42
B0718ZN31Q,258
B0718ZN31Q,168
B0718ZN31Q,299
B0718ZN31Q,277
B0162LYSFS,67
B0162LYSFS,209
B0162LYSFS,61
B0162LYSFS,299
B0162LYSFS,269
B07PFJ5VQD,67
B07PFJ5VQD,209
B07PFJ5VQD,61
B07PFJ5VQD,299
B07PFJ5VQD,269
B01J8S6X2I,67
B01J8S6X2I,209
B01J8S6X2I,61
B01J8S6X2I,299
B01J8S6X2I,240
B09MJ77786,42
B09MJ77786,258
B09MJ77786,249
B09MJ77786,101
B09NNGHG22,42
B09NNGHG22,258
B09NNGHG22,249
B09NNGHG22,101
B07V5YF4ND,42
B07V5YF4ND,258
B07V5YF4ND,168
B07V5YF4ND,19
B0B65P827P,67
B0B65P827P,209
B0B65P827P,61
B0B65P827P,299
B0B65P827P,269
B084MZYBTV,67
B084MZYBTV,209
B084MZYBTV,61
B084MZYBTV,299
B084MZYBTV,269
B097ZQTDVZ,42
B097ZQTDVZ,258
B097ZQTDVZ,168
B097ZQTDVZ,19
B0B5F3YZY4,67
B0B5F3YZY4,209
B0B5F3YZY4,61
B0B5F3YZY4,299
B0B5F3YZY4,269
B09G5TSGXV,67
B09G5TSGXV,209
B09G5TSGXV,61
B09G5TSGXV,299
B09G5TSGXV,269
B006LW0WDQ,42
B006LW0WDQ,258
B006LW0WDQ,168
B006LW0WDQ,299
B006LW0WDQ,233
B09YLX91QR,67
B09YLX91QR,209
B09YLX91QR,61
B09YLX91QR,299
B09YLX91QR,269
B081FJWN52,67
B081FJWN52,209
B081FJWN52,61
B081FJWN52,299
B081FJWN52,269
B0758F7KK7,42
B0758F7KK7,258
B0758F7KK7,168
B0758F7KK7,79
B0758F7KK7,99
B09L835C3V,42
B09L835C3V,258
B09L835C3V,168
B09L835C3V,19
B098TV3L96,42
B098TV3L96,258
B098TV3L96,168
B098TV3L96,19
B08NCKT9FG,67
B08NCKT9FG,209
B08NCKT9FG,61
B08NCKT9FG,299
B08NCKT9FG,269
B0B4T6MR8N,67
B0B4T6MR8N,209
B0B4T6MR8N,61
B0B4T6MR8N,299
B0B4T6MR8N,269
B01GGKZ4NU,67
B01GGKZ4NU,209
B01GGKZ4NU,61
B01GGKZ4NU,299
B01GGKZ4NU,269
B09BW2GP18,67
B09BW2GP18,209
B09BW2GP18,61
B09BW2GP18,299
B09BW2GP18,269
B09WN3SRC7,42
B09WN3SRC7,258
B09WN3SRC7,249
B09WN3SRC7,101
B09B125CFJ,42
B09B125CFJ,258
B09B125CFJ,168
B09B125CFJ,19
B09RQRZW2X,42
B09RQRZW2X,258
B09RQRZW2X,168
B09RQRZW2X,19
B07924P3C5,67
B07924P3C5,209
B07924P3C5,61
B07924P3C5,299
B07924P3C5,269
B08N1WL9XW,67
B08N1WL9XW,209
B08N1WL9XW,61
B08N1WL9XW,299
B08N1WL9XW,269
B07VVXJ2P5,42
B07VVXJ2P5,258
B07VVXJ2P5,168
B07VVXJ2P5,79
B07VVXJ2P5,99
B0BC8BQ432,42
B0BC8BQ432,258
B0BC8BQ432,249
B0BC8BQ432,101
B06XFTHCNY,42
B06XFTHCNY,258
B06XFTHCNY,168
B06XFTHCNY,299
B06XFTHCNY,14
B08CT62BM1,67
B08CT62BM1,209
B08CT62BM1,61
B08CT62BM1,299
B08CT62BM1,269
B07CRL2GY6,67
B07CRL2GY6,209
B07CRL2GY6,61
B07CRL2GY6,299
B07CRL2GY6,269
B07DWFX9YS,67
B07DWFX9YS,209
B07DWFX9YS,61
B07DWFX9YS,299
B07DWFX9YS,269
B01D5H90L4,42
B01D5H90L4,258
B01D5H90L4,168
B01D5H90L4,299
B01D5H90L4,277
B07F1P8KNV,67
B07F1P8KNV,209
B07F1P8KNV,61
B07F1P8KNV,299
B07F1P8KNV,269
B084N1BM9L,67
B084N1BM9L,209
B084N1BM9L,61
B084N1BM9L,299
B084N1BM9L,269
B09F6D21BY,42
B09F6D21BY,258
B09F6D21BY,168
B09F6D21BY,19
B09LQQYNZQ,42
B09LQQYNZQ,276
B09LQQYNZQ,23
B09LQQYNZQ,264
B0BC9BW512,42
B0BC9BW512,258
B0BC9BW512,249
B0BC9BW512,101
B0B61HYR92,67
B0B61HYR92,209
B0B61HYR92,61
B0B61HYR92,299
B0B61HYR92,269
B075ZTJ9XR,42
B075ZTJ9XR,258
B075ZTJ9XR,168
B075ZTJ9XR,299
B075ZTJ9XR,277
B0978V2CP6,42
B0978V2CP6,258
B0978V2CP6,157
B09LRZYBH1,42
B09LRZYBH1,276
B09LRZYBH1,127
B09LRZYBH1,279
B0B997FBZT,42
B0B997FBZT,258
B0B997FBZT,249
B0B997FBZT,101
B098LCVYPW,42
B098LCVYPW,258
B098LCVYPW,168
B098LCVYPW,19
B09HV71RL1,67
B09HV71RL1,209
B09HV71RL1,61
B09HV71RL1,299
B09HV71RL1,269
B08PZ6HZLT,42
B08PZ6HZLT,258
B08PZ6HZLT,249
B08PZ6HZLT,101
B075TJHWVC,42
B075TJHWVC,258
B075TJHWVC,69
B075TJHWVC,242
B09LV13JFB,42
B09LV13JFB,258
B09LV13JFB,168
B09LV13JFB,19
B092BL5DCX,42
B092BL5DCX,258
B092BL5DCX,249
B092BL5DCX,101
B09VH568H7,67
B09VH568H7,209
B09VH568H7,61
B09VH568H7,299
B09VH568H7,269
B09HQSV46W,42
B09HQSV46W,258
B09HQSV46W,249
B09HQSV46W,101
B08TZD7FQN,42
B08TZD7FQN,258
B08TZD7FQN,168
B08TZD7FQN,19
B0B21XL94T,42
B0B21XL94T,258
B0B21XL94T,249
B0B21XL94T,101
B09PTT8DZF,67
B09PTT8DZF,209
B09PTT8DZF,61
B09PTT8DZF,299
B09PTT8DZF,269
B0B3XXSB1K,42
B0B3XXSB1K,258
B0B3XXSB1K,249
B0B3XXSB1K,101
B08RZ12GKR,42
B08RZ12GKR,258
B08RZ12GKR,168
B08RZ12GKR,19
B0B4T8RSJ1,67
B0B4T8RSJ1,209
B0B4T8RSJ1,61
B0B4T8RSJ1,299
B0B4T8RSJ1,269
B0B7B9V9QP,42
B0B7B9V9QP,258
B0B7B9V9QP,249
B0B7B9V9QP,101
B08XXVXP3J,67
B08XXVXP3J,209
B08XXVXP3J,61
B08XXVXP3J,299
B08XXVXP3J,269
B06XGWRKYT,42
B06XGWRKYT,258
B06XGWRKYT,249
B06XGWRKYT,167
B07CWDX49D,67
B07CWDX49D,209
B07CWDX49D,61
B07CWDX49D,299
B07CWDX49D,269
B09TY4MSH3,42
B09TY4MSH3,258
B09TY4MSH3,168
B09TY4MSH3,19
B07RY2X9MP,42
B07RY2X9MP,258
B07RY2X9MP,168
B07RY2X9MP,299
B07RY2X9MP,277
B0B2C5MJN6,42
B0B2C5MJN6,258
B0B2C5MJN6,249
B0B2C5MJN6,101
B0BBMGLQDW,42
B0BBMGLQDW,258
B0BBMGLQDW,168
B0BBMGLQDW,299
B0BBMGLQDW,277
B01LONQBDG,67
B01LONQBDG,209
B01LONQBDG,61
B01LONQBDG,299
B01LONQBDG,269
B08XXF5V6G,42
B08XXF5V6G,258
B08XXF5V6G,249
B08XXF5V6G,101
B09HK9JH4F,42
B09HK9JH4F,258
B09HK9JH4F,168
B09HK9JH4F,19
B09MMD1FDN,42
B09MMD1FDN,258
B09MMD1FDN,168
B09MMD1FDN,19
B09HN7LD5L,42
B09HN7LD5L,258
B09HN7LD5L,168
B09HN7LD5L,79
B09HN7LD5L,99
B0BNDD9TN6,42
B0BNDD9TN6,258
B0BNDD9TN6,307
B0941392C8,67
B0941392C8,209
B0941392C8,61
B0941392C8,299
B0941392C8,269
B01M5967SY,42
B01M5967SY,258
B01M5967SY,168
B01M5967SY,299
B01M5967SY,277
B016MDK4F4,42
B016MDK4F4,258
B016MDK4F4,168
B016MDK4F4,299
B016MDK4F4,277
B08G43CCLC,67
B08G43CCLC,212
B08G43CCLC,13
B08G43CCLC,284
B0B61GCHC1,67
B0B61GCHC1,209
B0B61GCHC1,61
B0B61GCHC1,299
B0B61GCHC1,269
B07RX14W1Q,42
B07RX14W1Q,258
B07RX14W1Q,168
B07RX14W1Q,299
B07RX14W1Q,277
B09PLD9TCD,42
B09PLD9TCD,258
B09PLD9TCD,249
B09PLD9TCD,101
B0B8ZKWGKD,42
B0B8ZKWGKD,258
B0B8ZKWGKD,168
B0B8ZKWGKD,79
B0B8ZKWGKD,99
B09NNJ9WYM,42
B09NNJ9WYM,258
B09NNJ9WYM,249
B09NNJ9WYM,101
B08H5L8V1L,67
B08H5L8V1L,209
B08H5L8V1L,61
B08H5L8V1L,299
B08H5L8V1L,269
B0B8CXTTG3,42
B0B8CXTTG3,258
B0B8CXTTG3,249
B0B8CXTTG3,101
B09HCH3JZG,42
B09HCH3JZG,258
B09HCH3JZG,168
B09HCH3JZG,299
B09HCH3JZG,277
B097JVLW3L,42
B097JVLW3L,258
B097JVLW3L,168
B097JVLW3L,247
B09SB6SJB4,67
B09SB6SJB4,209
B09SB6SJB4,61
B09SB6SJB4,299
B09SB6SJB4,269
B08NW8GHCJ,67
B08NW8GHCJ,209
B08NW8GHCJ,61
B08NW8GHCJ,299
B08NW8GHCJ,269
B09YHLPQYT,42
B09YHLPQYT,258
B09YHLPQYT,168
B09YHLPQYT,19
B08G1RW2Q3,67
B08G1RW2Q3,209
B08G1RW2Q3,61
B08G1RW2Q3,299
B08G1RW2Q3,269
B08YXJJW8H,42
B08YXJJW8H,258
B08YXJJW8H,168
B08YXJJW8H,19
B09P8M18QM,42
B09P8M18QM,258
B09P8M18QM,168
B09P8M18QM,19
B08BG4M4N7,42
B08BG4M4N7,258
B08BG4M4N7,168
B08BG4M4N7,19
B07VJ9ZTXS,42
B07VJ9ZTXS,258
B07VJ9ZTXS,168
B07VJ9ZTXS,299
B07VJ9ZTXS,277
B084872DQY,42
B084872DQY,258
B084872DQY,249
B084872DQY,101
B00GGGOYEU,67
B00GGGOYEU,209
B00GGGOYEU,61
B00GGGOYEU,299
B00GGGOYEU,269
B08FD2VSD9,42
B08FD2VSD9,258
B08FD2VSD9,249
B08FD2VSD9,101
B095JPKPH3,42
B095JPKPH3,258
B095JPKPH3,249
B095JPKPH3,101
B087JWLZ2K,42
B087JWLZ2K,258
B087JWLZ2K,249
B087JWLZ2K,101
B09DSXK8JX,42
B09DSXK8JX,258
B09DSXK8JX,249
B09DSXK8JX,101
B08V9C4B1J,67
B08V9C4B1J,209
B08V9C4B1J,61
B08V9C4B1J,299
B08V9C4B1J,269
B08PKBMJKS,42
B08PKBMJKS,258
B08PKBMJKS,168
B08PKBMJKS,19
B0B8VQ7KDS,42
B0B8VQ7KDS,258
B0B8VQ7KDS,69
B0B8VQ7KDS,242
B086JTMRYL,67
B086JTMRYL,209
B086JTMRYL,61
B086JTMRYL,299
B086JTMRYL,269
B09RWQ7YR6,42
B09RWQ7YR6,258
B09RWQ7YR6,249
B09RWQ7YR6,101
B00OFM6PEO,67
B00OFM6PEO,209
B00OFM6PEO,61
B00OFM6PEO,299
B00OFM6PEO,269
B0BF57RN3K,42
B0BF57RN3K,52
B0BF57RN3K,203
B0B3RRWSF6,42
B0B3RRWSF6,52
B0B3RRWSF6,203
B0B5B6PQCT,42
B0B5B6PQCT,52
B0B5B6PQCT,203
B08HV83HL3,42
B08HV83HL3,118
B08HV83HL3,70
B08HV83HL3,91
B08HV83HL3,63
B0BBN4DZBD,42
B0BBN4DZBD,118
B0BBN4DZBD,161
B0BBN4DZBD,232
B0B3CPQ5PF,42
B0B3CPQ5PF,118
B0B3CPQ5PF,161
B0B3CPQ5PF,232
B0B3CQBRB4,42
B0B3CQBRB4,118
B0B3CQBRB4,161
B0B3CQBRB4,232
B0BBN56J5H,42
B0BBN56J5H,118
B0BBN56J5H,161
B0BBN56J5H,232
B0BBN3WF7V,42
B0BBN3WF7V,118
B0BBN3WF7V,161
B0BBN3WF7V,232
B0BDRVFDKP,42
B0BDRVFDKP,168
B0BDRVFDKP,199
B0BDRVFDKP,314
B0B5LVS732,42
B0B5LVS732,52
B0B5LVS732,203
B09V2Q4QVQ,42
B09V2Q4QVQ,118
B09V2Q4QVQ,161
B09V2Q4QVQ,181
B09V12K8NT,42
B09V12K8NT,52
B09V12K8NT,203
B01DEWVZ2C,42
B01DEWVZ2C,151
B01DEWVZ2C,109
B01DEWVZ2C,261
B0BMGB3CH9,42
B0BMGB3CH9,118
B0BMGB3CH9,161
B0BMGB3CH9,232
B08D77XZX5,42
B08D77XZX5,151
B08D77XZX5,109
B08D77XZX5,261
B09XB8GFBQ,42
B09XB8GFBQ,118
B09XB8GFBQ,161
B09XB8GFBQ,232
B07WG8PDCW,42
B07WG8PDCW,118
B07WG8PDCW,70
B07WG8PDCW,91
B07WG8PDCW,94
B07GPXXNNG,42
B07GPXXNNG,151
B07GPXXNNG,109
B07GPXXNNG,261
B0BDYVC5TD,42
B0BDYVC5TD,168
B0BDYVC5TD,199
B0BDYVC5TD,314
B0BMGB2TPR,42
B0BMGB2TPR,118
B0BMGB2TPR,161
B0BMGB2TPR,232
B08MC57J31,42
B08MC57J31,118
B08MC57J31,70
B08MC57J31,91
B08MC57J31,63
B08HVL8QN3,42
B08HVL8QN3,118
B08HVL8QN3,70
B08HVL8QN3,91
B08HVL8QN3,63
B0746JGVDS,42
B0746JGVDS,118
B0746JGVDS,70
B0746JGVDS,83
B0746JGVDS,136
B08VFF6JQ8,42
B08VFF6JQ8,118
B08VFF6JQ8,70
B08VFF6JQ8,91
B08VFF6JQ8,170
B09NVPSCQT,42
B09NVPSCQT,52
B09NVPSCQT,203
B09YV4RG4D,42
B09YV4RG4D,52
B09YV4RG4D,203
B09TWHTBKQ,42
B09TWHTBKQ,118
B09TWHTBKQ,161
B09TWHTBKQ,232
B08L5HMJVW,42
B08L5HMJVW,168
B08L5HMJVW,199
B08L5HMJVW,314
B0B4F2XCK3,42
B0B4F2XCK3,118
B0B4F2XCK3,161
B0B4F2XCK3,232
B0BF54972T,42
B0BF54972T,52
B0BF54972T,203
B09YV4MW2T,42
B09YV4MW2T,52
B09YV4MW2T,203
B09TWH8YHM,42
B09TWH8YHM,118
B09TWH8YHM,161
B09TWH8YHM,232
B07WGMMQGP,42
B07WGMMQGP,118
B07WGMMQGP,161
B07WGMMQGP,232
B0BF563HB4,42
B0BF563HB4,52
B0BF563HB4,203
B09GFPVD9Y,42
B09GFPVD9Y,118
B09GFPVD9Y,161
B09GFPVD9Y,232
B09GFLXVH9,42
B09GFLXVH9,118
B09GFLXVH9,161
B09GFLXVH9,232
B0BF4YBLPX,42
B0BF4YBLPX,52
B0BF4YBLPX,203
B09XB7DPW1,42
B09XB7DPW1,118
B09XB7DPW1,161
B09XB7DPW1,232
B07PFJ5W31,42
B07PFJ5W31,118
B07PFJ5W31,70
B07PFJ5W31,110
B07PFJ5W31,33
B0B3N7LR6K,42
B0B3N7LR6K,52
B0B3N7LR6K,203
B09ZQK9X8G,42
B09ZQK9X8G,52
B09ZQK9X8G,203
B07WJV6P1R,42
B07WJV6P1R,118
B07WJV6P1R,161
B07WJV6P1R,232
B0BF54LXW6,42
B0BF54LXW6,52
B0BF54LXW6,203
B09XB7SRQ5,42
B09XB7SRQ5,118
B09XB7SRQ5,161
B09XB7SRQ5,232
B09FFK1PQG,42
B09FFK1PQG,118
B09FFK1PQG,70
B09FFK1PQG,91
B09FFK1PQG,94
B09RMQYHLH,42
B09RMQYHLH,118
B09RMQYHLH,161
B09RMQYHLH,232
B08ZN4B121,42
B08ZN4B121,118
B08ZN4B121,70
B08ZN4B121,313
B08ZN4B121,130
B0B3RSDSZ3,42
B0B3RSDSZ3,52
B0B3RSDSZ3,203
B08VB34KJ1,42
B08VB34KJ1,118
B08VB34KJ1,161
B08VB34KJ1,232
B09T39K9YL,42
B09T39K9YL,118
B09T39K9YL,161
B09T39K9YL,232
B08VF8V79P,42
B08VF8V79P,118
B08VF8V79P,70
B08VF8V79P,91
B08VF8V79P,170
B08G28Z33M,42
B08G28Z33M,151
B08G28Z33M,109
B08G28Z33M,261
B09PNKXSKF,42
B09PNKXSKF,52
B09PNKXSKF,203
B0B5DDJNH4,42
B0B5DDJNH4,52
B0B5DDJNH4,203
B07WDKLDRX,42
B07WDKLDRX,118
B07WDKLDRX,161
B07WDKLDRX,232
B09MQSCJQ1,42
B09MQSCJQ1,52
B09MQSCJQ1,203
B094YFFSMY,42
B094YFFSMY,118
B094YFFSMY,70
B094YFFSMY,313
B094YFFSMY,43
B09MT84WV5,42
B09MT84WV5,168
B09MT84WV5,199
B09MT84WV5,314
B08VS3YLRK,42
B08VS3YLRK,118
B08VS3YLRK,70
B08VS3YLRK,91
B08VS3YLRK,170
B0B4F3QNDM,42
B0B4F3QNDM,118
B0B4F3QNDM,161
B0B4F3QNDM,232
B07GQD4K6L,42
B07GQD4K6L,151
B07GQD4K6L,109
B07GQD4K6L,261
B07WDKLRM4,42
B07WDKLRM4,118
B07WDKLRM4,161
B07WDKLRM4,232
B0BP18W8TM,42
B0BP18W8TM,52
B0BP18W8TM,203
B07GXHC691,42
B07GXHC691,118
B07GXHC691,70
B07GXHC691,289
B08FN6WGDQ,42
B08FN6WGDQ,151
B08FN6WGDQ,109
B08FN6WGDQ,261
B0B3D39RKV,42
B0B3D39RKV,118
B0B3D39RKV,161
B0B3D39RKV,232
B085HY1DGR,67
B085HY1DGR,209
B085HY1DGR,61
B085HY1DGR,15
B08D75R3Z1,42
B08D75R3Z1,151
B08D75R3Z1,109
B08D75R3Z1,261
B0B4F2TTTS,42
B0B4F2TTTS,118
B0B4F2TTTS,161
B0B4F2TTTS,232
B09WRMNJ9G,42
B09WRMNJ9G,118
B09WRMNJ9G,161
B09WRMNJ9G,232
B0B14MR9L1,42
B0B14MR9L1,118
B0B14MR9L1,161
B0B14MR9L1,232
B09ZPL5VYM,42
B09ZPL5VYM,118
B09ZPL5VYM,70
B09ZPL5VYM,289
B0993BB11X,42
B0993BB11X,118
B0993BB11X,70
B0993BB11X,91
B0993BB11X,63
B09V2PZDX8,42
B09V2PZDX8,118
B09V2PZDX8,161
B09V2PZDX8,181
B085W8CFLH,42
B085W8CFLH,151
B085W8CFLH,109
B085W8CFLH,261
B09MT6XSFW,42
B09MT6XSFW,168
B09MT6XSFW,199
B09MT6XSFW,314
B07RD611Z8,42
B07RD611Z8,118
B07RD611Z8,70
B07RD611Z8,91
B07RD611Z8,63
B0B4F52B5X,42
B0B4F52B5X,118
B0B4F52B5X,161
B0B4F52B5X,232
B096VF5YYF,42
B096VF5YYF,52
B096VF5YYF,203
B0B5D39BCD,42
B0B5D39BCD,52
B0B5D39BCD,203
B09XBJ1CTN,42
B09XBJ1CTN,118
B09XBJ1CTN,70
B09XBJ1CTN,91
B09XBJ1CTN,170
B0B4F5L738,42
B0B4F5L738,118
B0B4F5L738,161
B0B4F5L738,232
B08MTCKDYN,42
B08MTCKDYN,118
B08MTCKDYN,70
B08MTCKDYN,102
B09QS8V5N8,42
B09QS8V5N8,118
B09QS8V5N8,161
B09QS8V5N8,232
B09T2WRLJJ,42
B09T2WRLJJ,118
B09T2WRLJJ,161
B09T2WRLJJ,232
B089WB69Y1,42
B089WB69Y1,118
B089WB69Y1,70
B089WB69Y1,91
B089WB69Y1,170
B0116MIKKC,42
B0116MIKKC,118
B0116MIKKC,70
B0116MIKKC,91
B0116MIKKC,170
B09P858DK8,42
B09P858DK8,118
B09P858DK8,70
B09P858DK8,83
B09P858DK8,136
B07DJLFMPS,42
B07DJLFMPS,168
B07DJLFMPS,199
B07DJLFMPS,314
B07WHQWXL7,42
B07WHQWXL7,118
B07WHQWXL7,161
B07WHQWXL7,232
B07WDK3ZS6,42
B07WDK3ZS6,118
B07WDK3ZS6,161
B07WDK3ZS6,232
B09T2S8X9C,42
B09T2S8X9C,118
B09T2S8X9C,161
B09T2S8X9C,232
B07S9S86BF,42
B07S9S86BF,151
B07S9S86BF,109
B07S9S86BF,261
B07N8RQ6W7,42
B07N8RQ6W7,118
B07N8RQ6W7,70
B07N8RQ6W7,289
B09FKDH6FS,42
B09FKDH6FS,118
B09FKDH6FS,161
B09FKDH6FS,232
B08HVJCW95,42
B08HVJCW95,118
B08HVJCW95,70
B08HVJCW95,91
B08HVJCW95,63
B09YDFDVNS,42
B09YDFDVNS,118
B09YDFDVNS,161
B09YDFDVNS,181
B07WGPKTS4,42
B07WGPKTS4,118
B07WGPKTS4,161
B07WGPKTS4,232
B09MZCQYHZ,42
B09MZCQYHZ,118
B09MZCQYHZ,70
B09MZCQYHZ,91
B09MZCQYHZ,63
B0B4F2ZWL3,42
B0B4F2ZWL3,118
B0B4F2ZWL3,161
B0B4F2ZWL3,232
B08VB2CMR3,42
B08VB2CMR3,118
B08VB2CMR3,161
B08VB2CMR3,232
B095RTJH1M,42
B095RTJH1M,118
B095RTJH1M,70
B095RTJH1M,278
B095RTJH1M,46
B097R25DP7,42
B097R25DP7,52
B097R25DP7,203
B09YDFKJF8,42
B09YDFKJF8,118
B09YDFKJF8,161
B09YDFKJF8,181
B07WDK3ZS2,42
B07WDK3ZS2,118
B07WDK3ZS2,161
B07WDK3ZS2,232
B08RZ5K9YH,42
B08RZ5K9YH,118
B08RZ5K9YH,70
B08RZ5K9YH,91
B08RZ5K9YH,170
B08444S68L,42
B08444S68L,118
B08444S68L,161
B08444S68L,232
B07WHQBZLS,42
B07WHQBZLS,118
B07WHQBZLS,161
B07WHQBZLS,232
B09JS562TP,42
B09JS562TP,118
B09JS562TP,161
B09JS562TP,181
B09V17S2BG,42
B09V17S2BG,52
B09V17S2BG,203
B0B5CGTBKV,42
B0B5CGTBKV,52
B0B5CGTBKV,203
B0B23LW7NV,42
B0B23LW7NV,118
B0B23LW7NV,70
B0B23LW7NV,278
B0B23LW7NV,46
B09KGV7WSV,42
B09KGV7WSV,118
B09KGV7WSV,70
B09KGV7WSV,227
B0971DWFDT,42
B0971DWFDT,118
B0971DWFDT,70
B0971DWFDT,91
B0971DWFDT,94
B0BNV7JM5Y,42
B0BNV7JM5Y,52
B0BNV7JM5Y,203
B0B53QFZPY,42
B0B53QFZPY,52
B0B53QFZPY,203
B07WJWRNVK,42
B07WJWRNVK,118
B07WJWRNVK,161
B07WJWRNVK,232
B01F25X6RQ,42
B01F25X6RQ,151
B01F25X6RQ,109
B01F25X6RQ,261
B0B244R4KB,42
B0B244R4KB,118
B0B244R4KB,70
B0B244R4KB,278
B0B244R4KB,46
B0BMGG6NKT,42
B0BMGG6NKT,118
B0BMGG6NKT,161
B0BMGG6NKT,232
B092JHPL72,42
B092JHPL72,118
B092JHPL72,70
B092JHPL72,175
B092JHPL72,286
B09GFM8CGS,42
B09GFM8CGS,118
B09GFM8CGS,161
B09GFM8CGS,232
B0B3MWYCHQ,42
B0B3MWYCHQ,52
B0B3MWYCHQ,203
B09J2MM5C6,42
B09J2MM5C6,118
B09J2MM5C6,70
B09J2MM5C6,246
B09J2MM5C6,148
B07Q4QV1DL,42
B07Q4QV1DL,118
B07Q4QV1DL,70
B07Q4QV1DL,289
B0B56YRBNT,42
B0B56YRBNT,118
B0B56YRBNT,161
B0B56YRBNT,232
B01DF26V7A,42
B01DF26V7A,151
B01DF26V7A,109
B01DF26V7A,261
B08K4PSZ3V,42
B08K4PSZ3V,118
B08K4PSZ3V,70
B08K4PSZ3V,227
B0B4F1YC3J,42
B0B4F1YC3J,118
B0B4F1YC3J,161
B0B4F1YC3J,232
B08K4RDQ71,42
B08K4RDQ71,118
B08K4RDQ71,70
B08K4RDQ71,227
B085CZ3SR1,42
B085CZ3SR1,118
B085CZ3SR1,70
B085CZ3SR1,91
B085CZ3SR1,170
B09YV3K34W,42
B09YV3K34W,52
B09YV3K34W,203
B09Z6WH2N1,42
B09Z6WH2N1,118
B09Z6WH2N1,70
B09Z6WH2N1,102
B09NL4DJ2Z,67
B09NL4DJ2Z,209
B09NL4DJ2Z,61
B09NL4DJ2Z,299
B09NL4DJ2Z,269
B0BGSV43WY,42
B0BGSV43WY,52
B0BGSV43WY,203
B0926V9CTV,42
B0926V9CTV,118
B0926V9CTV,70
B0926V9CTV,289
B07WGPKMP5,42
B07WGPKMP5,118
B07WGPKMP5,161
B07WGPKMP5,232
B0BBFJ9M3X,42
B0BBFJ9M3X,118
B0BBFJ9M3X,161
B0BBFJ9M3X,232
B09PLFJ7ZW,42
B09PLFJ7ZW,52
B09PLFJ7ZW,203
B0B53NXFFR,42
B0B53NXFFR,52
B0B53NXFFR,203
B07GNC2592,42
B07GNC2592,118
B07GNC2592,70
B07GNC2592,83
B07GNC2592,136
B09TP5KBN7,42
B09TP5KBN7,118
B09TP5KBN7,70
B09TP5KBN7,91
B09TP5KBN7,170
B0949SBKMP,42
B0949SBKMP,52
B0949SBKMP,203
B09V175NP7,42
B09V175NP7,52
B09V175NP7,203
B07WHSJXLF,42
B07WHSJXLF,118
B07WHSJXLF,161
B07WHSJXLF,232
B0BD3T6Z1D,42
B0BD3T6Z1D,118
B0BD3T6Z1D,161
B0BD3T6Z1D,232
B09LHYZ3GJ,42
B09LHYZ3GJ,118
B09LHYZ3GJ,161
B09LHYZ3GJ,232
B07WFPMGQQ,42
B07WFPMGQQ,118
B07WFPMGQQ,161
B07WFPMGQQ,232
B09QS9X9L8,42
B09QS9X9L8,118
B09QS9X9L8,161
B09QS9X9L8,232
B0B6BLTGTT,42
B0B6BLTGTT,52
B0B6BLTGTT,203
B084DTMYWK,42
B084DTMYWK,118
B084DTMYWK,70
B084DTMYWK,91
B084DTMYWK,170
B0B53QLB9H,42
B0B53QLB9H,52
B0B53QLB9H,203
B0BDYW3RN3,42
B0BDYW3RN3,168
B0BDYW3RN3,199
B0BDYW3RN3,314
B0B3RS9DNF,42
B0B3RS9DNF,52
B0B3RS9DNF,203
B09QS9X16F,42
B09QS9X16F,118
B09QS9X16F,161
B09QS9X16F,232
B08HV25BBQ,42
B08HV25BBQ,52
B08HV25BBQ,203
B09LJ116B5,42
B09LJ116B5,118
B09LJ116B5,161
B09LJ116B5,232
B0BMVWKZ8G,42
B0BMVWKZ8G,52
B0BMVWKZ8G,203
B0BD92GDQH,42
B0BD92GDQH,52
B0BD92GDQH,203
B0B5GF6DQD,42
B0B5GF6DQD,52
B0B5GF6DQD,203
B09JS94MBV,42
B09JS94MBV,118
B09JS94MBV,161
B09JS94MBV,181
B09YV463SW,42
B09YV463SW,52
B09YV463SW,203
B09NL4DCXK,42
B09NL4DCXK,118
B09NL4DCXK,70
B09NL4DCXK,91
B09NL4DCXK,170
B0B8CHJLWJ,42
B0B8CHJLWJ,118
B0B8CHJLWJ,70
B0B8CHJLWJ,278
B0B8CHJLWJ,46
B0B8ZWNR5T,42
B0B8ZWNR5T,118
B0B8ZWNR5T,70
B0B8ZWNR5T,102
B0BBFJLP21,42
B0BBFJLP21,118
B0BBFJLP21,161
B0BBFJLP21,232
B01F262EUU,42
B01F262EUU,151
B01F262EUU,109
B01F262EUU,261
B09VZBGL1N,42
B09VZBGL1N,118
B09VZBGL1N,70
B09VZBGL1N,289
B0BNVBJW2S,42
B0BNVBJW2S,52
B0BNVBJW2S,203
B0B2DJ5RVQ,42
B0B2DJ5RVQ,118
B0B2DJ5RVQ,70
B0B2DJ5RVQ,175
B0B2DJ5RVQ,195
B096TWZRJC,42
B096TWZRJC,118
B096TWZRJC,70
B096TWZRJC,175
B096TWZRJC,286
B09GP6FBZT,42
B09GP6FBZT,118
B09GP6FBZT,70
B09GP6FBZT,278
B09GP6FBZT,46
B0B3DV7S9B,42
B0B3DV7S9B,118
B0B3DV7S9B,70
B0B3DV7S9B,289
B09MKP344P,42
B09MKP344P,118
B09MKP344P,161
B09MKP344P,232
B08JW1GVS7,42
B08JW1GVS7,118
B08JW1GVS7,70
B08JW1GVS7,91
B08JW1GVS7,63
B09LHZSMRR,42
B09LHZSMRR,118
B09LHZSMRR,161
B09LHZSMRR,232
B0B5V47VK4,42
B0B5V47VK4,118
B0B5V47VK4,161
B0B5V47VK4,232
B08H21B6V7,42
B08H21B6V7,118
B08H21B6V7,161
B08H21B6V7,181
B09BNXQ6BR,42
B09BNXQ6BR,52
B09BNXQ6BR,203
B01FSYQ2A4,42
B01FSYQ2A4,151
B01FSYQ2A4,109
B01FSYQ2A4,163
B08L5FM4JC,42
B08L5FM4JC,168
B08L5FM4JC,199
B08L5FM4JC,314
B0B54Y2SNX,42
B0B54Y2SNX,118
B0B54Y2SNX,70
B0B54Y2SNX,91
B0B54Y2SNX,170
B08BQ947H3,67
B08BQ947H3,209
B08BQ947H3,87
B08BQ947H3,185
B0B7DHSKS7,42
B0B7DHSKS7,118
B0B7DHSKS7,161
B0B7DHSKS7,181
B09SJ1FTYV,42
B09SJ1FTYV,118
B09SJ1FTYV,70
B09SJ1FTYV,246
B09SJ1FTYV,148
B09XJ5LD6L,42
B09XJ5LD6L,118
B09XJ5LD6L,161
B09XJ5LD6L,232
B07WHS7MZ1,42
B07WHS7MZ1,118
B07WHS7MZ1,161
B07WHS7MZ1,232
B0BBVKRP7B,42
B0BBVKRP7B,52
B0BBVKRP7B,203
B09NY7W8YD,42
B09NY7W8YD,118
B09NY7W8YD,161
B09NY7W8YD,232
B0BMM7R92G,42
B0BMM7R92G,52
B0BMM7R92G,203
B08M66K48D,42
B08M66K48D,118
B08M66K48D,70
B08M66K48D,278
B08M66K48D,46
B09RFB2SJQ,42
B09RFB2SJQ,52
B09RFB2SJQ,203
B0B82YGCF6,42
B0B82YGCF6,52
B0B82YGCF6,203
B08HF4W2CT,42
B08HF4W2CT,118
B08HF4W2CT,70
B08HF4W2CT,91
B08HF4W2CT,63
B08BCKN299,42
B08BCKN299,151
B08BCKN299,250
B0B2X35B1K,42
B0B2X35B1K,52
B0B2X35B1K,203
B09QS9CWLV,42
B09QS9CWLV,118
B09QS9CWLV,161
B09QS9CWLV,232
B0B1NX6JTN,42
B0B1NX6JTN,118
B0B1NX6JTN,70
B0B1NX6JTN,246
B0B1NX6JTN,148
B078G6ZF5Z,42
B078G6ZF5Z,118
B078G6ZF5Z,70
B078G6ZF5Z,91
B078G6ZF5Z,170
B0BBW521YC,42
B0BBW521YC,118
B0BBW521YC,70
B0BBW521YC,102
B0BBW521YC,304
B09HSKYMB3,42
B09HSKYMB3,118
B09HSKYMB3,161
B09HSKYMB3,232
B09YV42QHZ,42
B09YV42QHZ,52
B09YV42QHZ,203
B09BF8JBWX,42
B09BF8JBWX,118
B09BF8JBWX,161
B09BF8JBWX,181
B0B5YBGCKD,42
B0B5YBGCKD,118
B0B5YBGCKD,70
B0B5YBGCKD,278
B0B5YBGCKD,46
B09MY4W73Q,42
B09MY4W73Q,118
B09MY4W73Q,70
B09MY4W73Q,246
B09MY4W73Q,148
B09T37CKQ5,42
B09T37CKQ5,118
B09T37CKQ5,70
B09T37CKQ5,91
B09T37CKQ5,170
B09GFPN6TP,42
B09GFPN6TP,118
B09GFPN6TP,161
B09GFPN6TP,232
B0B298D54H,42
B0B298D54H,52
B0B298D54H,203
B08VB57558,42
B08VB57558,118
B08VB57558,161
B08VB57558,232
B0B9BXKBC7,42
B0B9BXKBC7,118
B0B9BXKBC7,70
B0B9BXKBC7,313
B0B9BXKBC7,43
B09NY6TRXG,42
B09NY6TRXG,118
B09NY6TRXG,161
B09NY6TRXG,232
B09NVPJ3P4,42
B09NVPJ3P4,52
B09NVPJ3P4,203
B0B3NDPCS9,42
B0B3NDPCS9,52
B0B3NDPCS9,203
B09VGKFM7Y,42
B09VGKFM7Y,118
B09VGKFM7Y,70
B09VGKFM7Y,91
B09VGKFM7Y,170
B07QCWY5XV,42
B07QCWY5XV,118
B07QCWY5XV,70
B07QCWY5XV,313
B07QCWY5XV,43
B098QXR9X2,42
B098QXR9X2,118
B098QXR9X2,70
B098QXR9X2,91
B098QXR9X2,63
B07H1S7XW8,42
B07H1S7XW8,118
B07H1S7XW8,70
B07H1S7XW8,175
B07H1S7XW8,129
B0BNXFDTZ2,42
B0BNXFDTZ2,52
B0BNXFDTZ2,203
B088ZFJY82,42
B088ZFJY82,118
B088ZFJY82,70
B088ZFJY82,289
B0B4F4QZ1H,42
B0B4F4QZ1H,118
B0B4F4QZ1H,161
B0B4F4QZ1H,232
B09BCNQ9R2,42
B09BCNQ9R2,118
B09BCNQ9R2,70
B09BCNQ9R2,110
B09BCNQ9R2,33
B0B9BD2YL4,42
B0B9BD2YL4,118
B0B9BD2YL4,70
B0B9BD2YL4,227
B071Z8M4KX,42
B071Z8M4KX,151
B071Z8M4KX,109
B071Z8M4KX,261
B09N3ZNHTY,42
B09N3ZNHTY,151
B09N3ZNHTY,109
B09N3ZNHTY,261
B005FYNT3G,67
B005FYNT3G,292
B005FYNT3G,116
B01J0XWYKQ,67
B01J0XWYKQ,209
B01J0XWYKQ,105
B01J0XWYKQ,28
B09CTRPSJR,67
B09CTRPSJR,209
B09CTRPSJR,105
B09CTRPSJR,210
B08JQN8DGZ,42
B08JQN8DGZ,151
B08JQN8DGZ,109
B08JQN8DGZ,261
B0B72BSW7K,67
B0B72BSW7K,209
B0B72BSW7K,87
B0B72BSW7K,282
B08TV2P1N8,42
B08TV2P1N8,151
B08TV2P1N8,109
B08TV2P1N8,261
B07XCM6T4N,67
B07XCM6T4N,209
B07XCM6T4N,87
B07XCM6T4N,115
B07T5DKR5D,42
B07T5DKR5D,151
B07T5DKR5D,109
B07T5DKR5D,261
B07PR1CL3S,42
B07PR1CL3S,151
B07PR1CL3S,109
B07PR1CL3S,163
B07JQKQ91F,42
B07JQKQ91F,151
B07JQKQ91F,109
B07JQKQ91F,261
B08W56G1K9,67
B08W56G1K9,209
B08W56G1K9,61
B08W56G1K9,15
B01L8ZNWN2,67
B01L8ZNWN2,292
B01L8ZNWN2,116
B009VCGPSY,67
B009VCGPSY,209
B009VCGPSY,105
B009VCGPSY,28
B0B296NTFV,67
B0B296NTFV,209
B0B296NTFV,105
B0B296NTFV,28
B07TCN5VR9,42
B07TCN5VR9,151
B07TCN5VR9,109
B07TCN5VR9,261
B00ZYLMQH0,67
B00ZYLMQH0,209
B00ZYLMQH0,105
B00ZYLMQH0,255
B01HJI0FS2,67
B01HJI0FS2,209
B01HJI0FS2,105
B01HJI0FS2,28
B076B8G5D8,77
B076B8G5D8,214
B076B8G5D8,89
B014SZO90Y,42
B014SZO90Y,252
B014SZO90Y,100
B07KCMR8D6,49
B07KCMR8D6,95
B07KCMR8D6,93
B07KCMR8D6,239
B07KCMR8D6,68
B07KCMR8D6,218
B07KCMR8D6,56
B00N1U9AJS,201
B00N1U9AJS,251
B00N1U9AJS,165
B00N1U9AJS,82
B07KY3FNQP,42
B07KY3FNQP,151
B07KY3FNQP,109
B07KY3FNQP,261
B07QZ3CZ48,42
B07QZ3CZ48,151
B07QZ3CZ48,109
B07QZ3CZ48,261
B09T3H12GV,67
B09T3H12GV,209
B09T3H12GV,105
B09T3H12GV,223
B08ZJDWTJ1,67
B08ZJDWTJ1,292
B08ZJDWTJ1,158
B08FTFXNNB,42
B08FTFXNNB,177
B08FTFXNNB,8
B08YDFX7Y1,67
B08YDFX7Y1,209
B08YDFX7Y1,105
B08YDFX7Y1,28
B087FXHB6J,67
B087FXHB6J,209
B087FXHB6J,105
B087FXHB6J,223
B07N42JB4S,42
B07N42JB4S,177
B07N42JB4S,168
B07N42JB4S,173
B07N42JB4S,260
B0B31BYXQQ,42
B0B31BYXQQ,151
B0B31BYXQQ,109
B0B31BYXQQ,261
B07SLMR1K6,67
B07SLMR1K6,292
B07SLMR1K6,116
B092X94QNQ,42
B092X94QNQ,151
B092X94QNQ,109
B092X94QNQ,261
B0846D5CBP,49
B0846D5CBP,205
B0846D5CBP,263
B0846D5CBP,143
B00KXULGJQ,67
B00KXULGJQ,212
B00KXULGJQ,22
B08H9Z3XQW,42
B08H9Z3XQW,151
B08H9Z3XQW,109
B08H9Z3XQW,261
B08LPJZSSW,42
B08LPJZSSW,177
B08LPJZSSW,168
B08LPJZSSW,173
B08LPJZSSW,12
B08CYPB15D,67
B08CYPB15D,166
B08CYPB15D,300
B08CYPB15D,224
B00MFPCY5C,67
B00MFPCY5C,209
B00MFPCY5C,105
B00MFPCY5C,178
B00MFPCY5C,156
B07JJFSG2B,67
B07JJFSG2B,292
B07JJFSG2B,116
B09NR6G588,42
B09NR6G588,151
B09NR6G588,109
B09NR6G588,261
B07JPX9CR7,67
B07JPX9CR7,209
B07JPX9CR7,105
B07JPX9CR7,28
B08D11DZ2W,42
B08D11DZ2W,151
B08D11DZ2W,109
B08D11DZ2W,261
B07Q7561HD,42
B07Q7561HD,252
B07Q7561HD,100
B0819HZPXL,67
B0819HZPXL,209
B0819HZPXL,192
B0819HZPXL,291
B00LXTFMRS,201
B00LXTFMRS,251
B00LXTFMRS,39
B00LXTFMRS,126
B0B9LDCX89,67
B0B9LDCX89,209
B0B9LDCX89,105
B0B9LDCX89,178
B0B9LDCX89,274
B0765B3TH7,67
B0765B3TH7,209
B0765B3TH7,73
B0B1F6GQPS,42
B0B1F6GQPS,151
B0B1F6GQPS,109
B0B1F6GQPS,261
B07LG59NPV,42
B07LG59NPV,151
B07LG59NPV,109
B07LG59NPV,261
B00AXHBBXU,49
B00AXHBBXU,205
B00AXHBBXU,263
B00AXHBBXU,143
B08MCD9JFY,42
B08MCD9JFY,177
B08MCD9JFY,30
B08MCD9JFY,122
B083RCTXLL,67
B083RCTXLL,209
B083RCTXLL,105
B083RCTXLL,28
B08HLZ28QC,67
B08HLZ28QC,212
B07GVR9TG7,67
B07GVR9TG7,212
B07GVR9TG7,62
B0856HY85J,42
B0856HY85J,151
B0856HY85J,109
B0856HY85J,32
B07CD2BN46,42
B07CD2BN46,151
B07CD2BN46,109
B07CD2BN46,261
B07PLHTTB4,67
B07PLHTTB4,209
B07PLHTTB4,105
B07PLHTTB4,210
B077T3BG5L,67
B077T3BG5L,209
B077T3BG5L,105
B077T3BG5L,255
B079Y6JZC8,67
B079Y6JZC8,209
B079Y6JZC8,105
B079Y6JZC8,28
B0856HNMR7,42
B0856HNMR7,151
B0856HNMR7,109
B0856HNMR7,163
B0B12K5BPM,42
B0B12K5BPM,276
B0B12K5BPM,127
B0B12K5BPM,228
B00LVMTA2A,42
B00LVMTA2A,252
B07TR5HSR9,67
B07TR5HSR9,209
B07TR5HSR9,87
B07TR5HSR9,282
B0819ZZK5K,67
B0819ZZK5K,292
B0819ZZK5K,116
B08QJJCY2Q,67
B08QJJCY2Q,209
B08QJJCY2Q,105
B08QJJCY2Q,178
B08QJJCY2Q,274
B07L5L4GTB,67
B07L5L4GTB,166
B07L5L4GTB,300
B07L5L4GTB,224
B07L8KNP5F,42
B07L8KNP5F,151
B07L8KNP5F,109
B07L8KNP5F,163
B08CF4SCNP,67
B08CF4SCNP,209
B08CF4SCNP,105
B08CF4SCNP,255
B09XX51X2G,67
B09XX51X2G,209
B09XX51X2G,87
B09XX51X2G,282
B01M72LILF,67
B01M72LILF,209
B01M72LILF,105
B01M72LILF,28
B00LZLQ624,49
B00LZLQ624,95
B00LZLQ624,93
B00LZLQ624,239
B00LZLQ624,125
B00LZLQ624,84
B09GB5B4BK,67
B09GB5B4BK,209
B09GB5B4BK,105
B09GB5B4BK,28
B015ZXUDD0,42
B015ZXUDD0,252
B015ZXUDD0,217
B09PL79D2X,42
B09PL79D2X,151
B09PL79D2X,109
B09PL79D2X,261
B098K3H92Z,67
B098K3H92Z,212
B098K3H92Z,13
B098K3H92Z,86
B084PJSSQ1,67
B084PJSSQ1,292
B084PJSSQ1,116
B097C564GC,67
B097C564GC,209
B097C564GC,250
B097C564GC,90
B08CYNJ5KY,67
B08CYNJ5KY,166
B08CYNJ5KY,300
B08CYNJ5KY,224
B00Y4ORQ46,42
B00Y4ORQ46,151
B00Y4ORQ46,109
B00Y4ORQ46,163
B074CWD7MS,42
B074CWD7MS,177
B074CWD7MS,168
B074CWD7MS,173
B074CWD7MS,236
B00A0VCJPI,67
B00A0VCJPI,212
B00A0VCJPI,22
B00UGZWM2I,49
B00UGZWM2I,95
B00UGZWM2I,93
B00UGZWM2I,239
B00UGZWM2I,125
B00UGZWM2I,7
B00R1P3B4O,42
B00R1P3B4O,177
B00R1P3B4O,168
B00R1P3B4O,231
B09DG9VNWB,42
B09DG9VNWB,52
B09DG9VNWB,203
B09Y5MP7C4,42
B09Y5MP7C4,151
B09Y5MP7C4,109
B09Y5MP7C4,261
B01DJJVFPC,42
B01DJJVFPC,252
B01DJJVFPC,100
B07DFYJRQV,42
B07DFYJRQV,151
B07DFYJRQV,109
B07DFYJRQV,261
B08L879JSN,67
B08L879JSN,293
B08TDJNM3G,67
B08TDJNM3G,209
B08TDJNM3G,121
B08TDJNM3G,144
B06XSK3XL6,42
B06XSK3XL6,118
B06XSK3XL6,70
B06XSK3XL6,91
B06XSK3XL6,94
B07YNTJ8ZM,42
B07YNTJ8ZM,276
B07YNTJ8ZM,127
B07YNTJ8ZM,228
B07KR5P3YD,67
B07KR5P3YD,209
B07KR5P3YD,105
B07KR5P3YD,223
B08FB2LNSZ,42
B08FB2LNSZ,151
B08FB2LNSZ,109
B08FB2LNSZ,261
B01IBRHE3E,42
B01IBRHE3E,177
B01IBRHE3E,168
B01IBRHE3E,297
B01IBRHE3E,281
B01N6LU1VF,67
B01N6LU1VF,292
B01N6LU1VF,116
B07XLML2YS,42
B07XLML2YS,177
B07XLML2YS,47
B07XLML2YS,164
B086WMSCN3,42
B086WMSCN3,151
B086WMSCN3,109
B086WMSCN3,261
B003B00484,42
B003B00484,252
B003B00484,217
B003L62T7W,67
B003L62T7W,209
B003L62T7W,105
B003L62T7W,28
B09P18XVW6,42
B09P18XVW6,52
B09P18XVW6,203
B00LZLPYHW,49
B00LZLPYHW,95
B00LZLPYHW,93
B00LZLPYHW,239
B00LZLPYHW,125
B00LZLPYHW,84
B00NNQMYNE,67
B00NNQMYNE,209
B00NNQMYNE,73
B0B217Z5VK,42
B0B217Z5VK,151
B0B217Z5VK,109
B0B217Z5VK,261
B07B88KQZ8,42
B07B88KQZ8,276
B07B88KQZ8,127
B07B88KQZ8,228
B07Z3K96FR,67
B07Z3K96FR,209
B07Z3K96FR,34
B07Z3K96FR,46
B0756CLQWL,67
B0756CLQWL,209
B0756CLQWL,192
B0756CLQWL,290
B004IO5BMQ,67
B004IO5BMQ,209
B004IO5BMQ,105
B004IO5BMQ,28
B01HGCLUH6,67
B01HGCLUH6,212
B01HGCLUH6,62
B01N4EV2TL,67
B01N4EV2TL,209
B01N4EV2TL,105
B01N4EV2TL,223
B08MZQBFLN,67
B08MZQBFLN,209
B08MZQBFLN,87
B08MZQBFLN,282
B0752LL57V,49
B0752LL57V,205
B0752LL57V,263
B0752LL57V,38
B09Z28BQZT,67
B09Z28BQZT,209
B09Z28BQZT,87
B09Z28BQZT,282
B094DQWV9B,67
B094DQWV9B,209
B094DQWV9B,250
B094DQWV9B,90
B0BBMPH39N,67
B0BBMPH39N,209
B0BBMPH39N,105
B0BBMPH39N,210
B097JQ1J5G,67
B097JQ1J5G,209
B097JQ1J5G,308
B07YY1BY5B,42
B07YY1BY5B,52
B07YY1BY5B,203
B08VRMK55F,42
B08VRMK55F,151
B08VRMK55F,109
B08VRMK55F,261
B08CHZ3ZQ7,67
B08CHZ3ZQ7,209
B08CHZ3ZQ7,192
B08CHZ3ZQ7,291
B08SCCG9D4,67
B08SCCG9D4,209
B08SCCG9D4,80
B08SCCG9D4,306
B0972BQ2RS,42
B0972BQ2RS,52
B0972BQ2RS,203
B00ZRBWPA0,42
B00ZRBWPA0,252
B00ZRBWPA0,100
B0B2DD66GS,42
B0B2DD66GS,168
B0B2DD66GS,199
B0B2DD66GS,314
B09M869Z5V,67
B09M869Z5V,209
B09M869Z5V,308
B07W6VWZ8C,42
B07W6VWZ8C,276
B07W6VWZ8C,127
B07W6VWZ8C,60
B07Z1X6VFC,67
B07Z1X6VFC,209
B07Z1X6VFC,87
B07Z1X6VFC,296
B07Z1X6VFC,24
B07YL54NVJ,67
B07YL54NVJ,292
B07YL54NVJ,273
B0759QMF85,67
B0759QMF85,212
B0759QMF85,62
B00LM4X0KU,49
B00LM4X0KU,95
B00LM4X0KU,93
B00LM4X0KU,239
B00LM4X0KU,68
B00LM4X0KU,218
B00LM4X0KU,152
B08PFSZ7FH,67
B08PFSZ7FH,209
B08PFSZ7FH,87
B08PFSZ7FH,115
B012MQS060,67
B012MQS060,209
B012MQS060,105
B012MQS060,223
B01MF8MB65,42
B01MF8MB65,151
B01MF8MB65,109
B01MF8MB65,261
B00LHZWD0C,49
B00LHZWD0C,95
B00LHZWD0C,93
B00LHZWD0C,239
B00LHZWD0C,125
B00LHZWD0C,188
B08QDPB1SL,42
B08QDPB1SL,252
B08QDPB1SL,100
B07BRKK9JQ,67
B07BRKK9JQ,209
B07BRKK9JQ,105
B07BRKK9JQ,223
B01EZ0X3L8,67
B01EZ0X3L8,292
B01EZ0X3L8,116
B00LM4W1N2,49
B00LM4W1N2,95
B00LM4W1N2,93
B00LM4W1N2,239
B00LM4W1N2,68
B00LM4W1N2,218
B00LM4W1N2,134
B08YD264ZS,67
B08YD264ZS,209
B08YD264ZS,87
B08YD264ZS,282
B00GZLB57U,67
B00GZLB57U,209
B00GZLB57U,61
B00GZLB57U,299
B00GZLB57U,215
B07V82W5CN,67
B07V82W5CN,209
B07V82W5CN,105
B07V82W5CN,223
B08HD7JQHX,67
B08HD7JQHX,209
B08HD7JQHX,80
B08HD7JQHX,306
B0B31FR4Y2,42
B0B31FR4Y2,151
B0B31FR4Y2,109
B0B31FR4Y2,261
B09Y14JLP3,42
B09Y14JLP3,118
B09Y14JLP3,70
B09Y14JLP3,289
B09ZHCJDP1,67
B09ZHCJDP1,209
B09ZHCJDP1,105
B09ZHCJDP1,28
B08C4Z69LN,67
B08C4Z69LN,6
B08C4Z69LN,123
B016XVRKZM,67
B016XVRKZM,209
B016XVRKZM,180
B00LHZW3XY,49
B00LHZW3XY,95
B00LHZW3XY,93
B00LHZW3XY,239
B00LHZW3XY,125
B00LHZW3XY,188
B098JYT4SY,67
B098JYT4SY,209
B098JYT4SY,105
B098JYT4SY,28
B08CFCK6CW,42
B08CFCK6CW,151
B08CFCK6CW,109
B08CFCK6CW,261
B09P564ZTJ,67
B09P564ZTJ,209
B09P564ZTJ,105
B09P564ZTJ,210
B07MSLTW8Z,67
B07MSLTW8Z,209
B07MSLTW8Z,87
B07MSLTW8Z,282
B09N6TTHT6,67
B09N6TTHT6,209
B09N6TTHT6,121
B09N6TTHT6,144
B098R25TGC,42
B098R25TGC,151
B098R25TGC,109
B098R25TGC,261
B0B2PQL5N3,67
B0B2PQL5N3,209
B0B2PQL5N3,105
B0B2PQL5N3,178
B0B2PQL5N3,274
B07DKZCZ89,42
B07DKZCZ89,151
B07DKZCZ89,58
B08GYG6T12,42
B08GYG6T12,168
B08GYG6T12,199
B08GYG6T12,309
B09BN2NPBD,42
B09BN2NPBD,118
B09BN2NPBD,70
B09BN2NPBD,313
B09BN2NPBD,72
B09BN2NPBD,21
B00J4YG0PC,49
B00J4YG0PC,95
B00J4YG0PC,93
B00J4YG0PC,239
B00J4YG0PC,125
B00J4YG0PC,188
B073BRXPZX,67
B073BRXPZX,209
B073BRXPZX,105
B073BRXPZX,28
B08LHTJTBB,67
B08LHTJTBB,209
B08LHTJTBB,87
B08LHTJTBB,115
B07VTFN6HM,67
B07VTFN6HM,292
B07VTFN6HM,158
B008QS9J6Y,67
B008QS9J6Y,209
B008QS9J6Y,80
B008QS9J6Y,288
B008QS9J6Y,2
B09M8888DM,67
B09M8888DM,209
B09M8888DM,308
B07Z1YVP72,67
B07Z1YVP72,209
B07Z1YVP72,87
B07Z1YVP72,296
B07Z1YVP72,24
B082FTPRSK,67
B082FTPRSK,209
B082FTPRSK,87
B082FTPRSK,219
B09RF2QXGX,67
B09RF2QXGX,209
B09RF2QXGX,87
B09RF2QXGX,185
B01KK0HU3Y,67
B01KK0HU3Y,209
B01KK0HU3Y,105
B01KK0HU3Y,28
B07JF9B592,77
B07JF9B592,214
B07JF9B592,89
B086394NY5,67
B086394NY5,209
B086394NY5,87
B017PDR9N0,67
B017PDR9N0,209
B017PDR9N0,34
B017PDR9N0,289
B07NC12T2R,42
B07NC12T2R,276
B07NC12T2R,127
B07NC12T2R,228
B07WKBD37W,112
B07WKBD37W,9
B07WKBD37W,4
B08JMC1988,42
B08JMC1988,276
B08JMC1988,127
B08JMC1988,60
B09GFN8WZL,67
B09GFN8WZL,209
B09GFN8WZL,105
B09GFN8WZL,210
B095X38CJS,49
B095X38CJS,95
B095X38CJS,93
B095X38CJS,301
B095X38CJS,204
B07ZKD8T1Q,67
B07ZKD8T1Q,212
B07ZKD8T1Q,62
B07G3YNLJB,67
B07G3YNLJB,6
B07G3YNLJB,147
B00P93X2H6,49
B00P93X2H6,95
B00P93X2H6,93
B00P93X2H6,239
B00P93X2H6,125
B00P93X2H6,188
B0798PJPCL,67
B0798PJPCL,209
B0798PJPCL,87
B0798PJPCL,282
B09GFWJDY1,42
B09GFWJDY1,151
B09GFWJDY1,109
B09GFWJDY1,261
B09MZ6WZ6V,67
B09MZ6WZ6V,209
B09MZ6WZ6V,105
B09MZ6WZ6V,178
B09MZ6WZ6V,274
B094QZLJQ6,67
B094QZLJQ6,292
B094QZLJQ6,158
B07L3NDN24,42
B07L3NDN24,276
B07L3NDN24,127
B07L3NDN24,35
B08WD18LJZ,67
B08WD18LJZ,209
B08WD18LJZ,105
B08WD18LJZ,210
B06XDKWLJH,67
B06XDKWLJH,292
B06XDKWLJH,158
B01J1CFO5I,67
B01J1CFO5I,209
B01J1CFO5I,192
B01J1CFO5I,290
B07J2NGB69,67
B07J2NGB69,209
B07J2NGB69,105
B07J2NGB69,28
B00MUTWLW4,67
B00MUTWLW4,209
B00MUTWLW4,105
B00MUTWLW4,255
B017NC2IPM,67
B017NC2IPM,212
B017NC2IPM,62
B00N1U7JXM,49
B00N1U7JXM,95
B00N1U7JXM,93
B00N1U7JXM,239
B00N1U7JXM,125
B00N1U7JXM,7
B08HQL67D6,67
B08HQL67D6,209
B08HQL67D6,87
B08HQL67D6,282
B09RKFBCV7,42
B09RKFBCV7,52
B09RKFBCV7,203
B08KHM9VBJ,67
B08KHM9VBJ,212
B08KHM9VBJ,174
B01IOZUHRS,67
B01IOZUHRS,209
B01IOZUHRS,87
B01IOZUHRS,302
B00CEQEGPI,67
B00CEQEGPI,209
B00CEQEGPI,105
B00CEQEGPI,223
B08B6XWQ1C,42
B08B6XWQ1C,177
B08B6XWQ1C,168
B08B6XWQ1C,173
B08B6XWQ1C,12
B01DGVKBC6,67
B01DGVKBC6,209
B01DGVKBC6,61
B01DGVKBC6,299
B01DGVKBC6,215
B08JD36C6H,67
B08JD36C6H,292
B08JD36C6H,116
B00E3DVQFS,42
B00E3DVQFS,252
B00E3DVQFS,100
B00BN5SNF0,42
B00BN5SNF0,252
B00BN5SNF0,217
B09SGGRKV8,42
B09SGGRKV8,151
B09SGGRKV8,109
B09SGGRKV8,261
B084BR3QX8,67
B084BR3QX8,209
B084BR3QX8,87
B084BR3QX8,302
B09VC2D2WG,67
B09VC2D2WG,209
B09VC2D2WG,105
B09VC2D2WG,210
B09163Q5CD,67
B09163Q5CD,209
B09163Q5CD,308
B08K9PX15C,67
B08K9PX15C,209
B08K9PX15C,80
B08K9PX15C,197
B083RD1J99,67
B083RD1J99,209
B083RD1J99,105
B083RD1J99,28
B09Z7YGV3R,67
B09Z7YGV3R,209
B09Z7YGV3R,87
B09Z7YGV3R,282
B00N3XLDW0,42
B00N3XLDW0,177
B00N3XLDW0,168
B00N3XLDW0,280
B00N3XLDW0,37
B07Z53L5QL,67
B07Z53L5QL,209
B07Z53L5QL,34
B07Z53L5QL,103
B07Z53L5QL,58
B00P93X0VO,49
B00P93X0VO,95
B00P93X0VO,93
B00P93X0VO,239
B00P93X0VO,125
B00P93X0VO,84
B07SBGFDX9,49
B07SBGFDX9,95
B07SBGFDX9,93
B07SBGFDX9,239
B07SBGFDX9,68
B07SBGFDX9,218
B07SBGFDX9,117
B07X2L5Z8C,67
B07X2L5Z8C,209
B07X2L5Z8C,105
B07X2L5Z8C,28
B00VA7YYUO,201
B00VA7YYUO,251
B00VA7YYUO,29
B00VA7YYUO,139
B00VA7YYUO,18
B00VA7YYUO,51
B07L9FW9GF,67
B07L9FW9GF,209
B07L9FW9GF,105
B07L9FW9GF,28
B08D64C9FN,67
B08D64C9FN,209
B08D64C9FN,192
B08D64C9FN,291
B00LOD70SC,49
B00LOD70SC,95
B00LOD70SC,93
B00LOD70SC,239
B00LOD70SC,68
B00LOD70SC,218
B00LOD70SC,134
B09X76VL5L,42
B09X76VL5L,151
B09X76VL5L,109
B09X76VL5L,261
B091JF2TFD,42
B091JF2TFD,151
B091JF2TFD,109
B091JF2TFD,261
B07S7DCJKS,67
B07S7DCJKS,209
B07S7DCJKS,105
B07S7DCJKS,178
B07S7DCJKS,274
B09NC2TY11,42
B09NC2TY11,52
B09NC2TY11,203
B0BDS8MY8J,67
B0BDS8MY8J,6
B0BDS8MY8J,132
B09X7DY7Q4,42
B09X7DY7Q4,168
B09X7DY7Q4,199
B09X7DY7Q4,314
B09YV575RK,42
B09YV575RK,52
B09YV575RK,203
B08LW31NQ6,67
B08LW31NQ6,209
B08LW31NQ6,105
B08LW31NQ6,28
B09ND94ZRG,42
B09ND94ZRG,151
B09ND94ZRG,109
B09ND94ZRG,261
B00P93X6EK,49
B00P93X6EK,95
B00P93X6EK,93
B00P93X6EK,239
B00P93X6EK,125
B00P93X6EK,84
B0994GP1CX,67
B0994GP1CX,209
B0994GP1CX,105
B0994GP1CX,178
B0994GP1CX,156
B07H8W9PB6,67
B07H8W9PB6,209
B07H8W9PB6,105
B07H8W9PB6,210
B09NNHFSSF,42
B09NNHFSSF,177
B09NNHFSSF,47
B09NNHFSSF,164
B08D9NDZ1Y,67
B08D9NDZ1Y,166
B08D9NDZ1Y,198
B0085IATT6,67
B0085IATT6,212
B0085IATT6,62
B08WJ86PV2,67
B08WJ86PV2,209
B08WJ86PV2,105
B08WJ86PV2,178
B08WJ86PV2,274
B078HRR1XV,67
B078HRR1XV,209
B078HRR1XV,105
B078HRR1XV,210
B09P22HXH6,67
B09P22HXH6,209
B09P22HXH6,80
B09P22HXH6,288
B09P22HXH6,2
B00LM4X3XE,49
B00LM4X3XE,95
B00LM4X3XE,93
B00LM4X3XE,239
B00LM4X3XE,68
B00LM4X3XE,218
B00LM4X3XE,152
B09YLFHFDW,42
B09YLFHFDW,151
B09YLFHFDW,109
B09YLFHFDW,261
B07YWS9SP9,67
B07YWS9SP9,209
B07YWS9SP9,87
B07YWS9SP9,219
B08WLY8V9S,67
B08WLY8V9S,209
B08WLY8V9S,105
B08WLY8V9S,178
B08WLY8V9S,274
B0873L7J6X,42
B0873L7J6X,151
B0873L7J6X,109
B0873L7J6X,163
B07YNHCW6N,67
B07YNHCW6N,209
B07YNHCW6N,34
B07YNHCW6N,103
B07YNHCW6N,58
B01MQ2A86A,67
B01MQ2A86A,209
B01MQ2A86A,105
B01MQ2A86A,28
B00KIE28X0,201
B00KIE28X0,251
B00KIE28X0,39
B00KIE28X0,126
B0BHYJ8CVF,67
B0BHYJ8CVF,209
B0BHYJ8CVF,105
B0BHYJ8CVF,223
B0BCVJ3PVP,67
B0BCVJ3PVP,209
B0BCVJ3PVP,87
B0BCVJ3PVP,282
B0B2931FCV,42
B0B2931FCV,151
B0B2931FCV,109
B0B2931FCV,261
B09TMZ1MF8,67
B09TMZ1MF8,6
B09TMZ1MF8,147
B07VV37FT4,49
B07VV37FT4,95
B07VV37FT4,93
B07VV37FT4,239
B07VV37FT4,68
B07VV37FT4,218
B07VV37FT4,56
B07JB2Y4SR,201
B07JB2Y4SR,251
B07JB2Y4SR,29
B07JB2Y4SR,139
B07JB2Y4SR,50
B08KRMK9LZ,42
B08KRMK9LZ,118
B08KRMK9LZ,70
B08KRMK9LZ,227
B08LT9BMPP,67
B08LT9BMPP,209
B08LT9BMPP,192
B08LT9BMPP,291
B0814ZY6FP,42
B0814ZY6FP,276
B0814ZY6FP,127
B0814ZY6FP,228
B09F3PDDRF,67
B09F3PDDRF,209
B09F3PDDRF,61
B09F3PDDRF,299
B09F3PDDRF,187
B07X963JNS,42
B07X963JNS,118
B07X963JNS,70
B07X963JNS,91
B07X963JNS,63
B09LD3116F,42
B09LD3116F,177
B09LD3116F,47
B09LD3116F,164
B08Y5QJTVK,42
B08Y5QJTVK,252
B00LY1FN1K,201
B00LY1FN1K,251
B00LY1FN1K,39
B00LY1FN1K,126
B07DJ5KYDZ,67
B07DJ5KYDZ,209
B07DJ5KYDZ,87
B07DJ5KYDZ,302
B009LJ2BXA,67
B009LJ2BXA,209
B009LJ2BXA,80
B009LJ2BXA,54
B09BVCVTBC,67
B09BVCVTBC,209
B09BVCVTBC,192
B09BVCVTBC,20
B07SY4C3TD,67
B07SY4C3TD,166
B07SY4C3TD,300
B07SY4C3TD,224
B094JB13XL,42
B094JB13XL,52
B094JB13XL,203
B08CRRQK6Z,42
B08CRRQK6Z,276
B08CRRQK6Z,127
B08CRRQK6Z,294
B08MTLLSL8,42
B08MTLLSL8,151
B08MTLLSL8,109
B08MTLLSL8,261
B08Y57TPDM,42
B08Y57TPDM,252
B09CYTJV3N,42
B09CYTJV3N,177
B09CYTJV3N,47
B09CYTJV3N,164
B07GLNJC25,67
B07GLNJC25,209
B07GLNJC25,308
B08FY4FG5X,42
B08FY4FG5X,151
B08FY4FG5X,109
B08FY4FG5X,32
B07TMCXRFV,67
B07TMCXRFV,209
B07TMCXRFV,34
B07TMCXRFV,46
B00LZPQVMK,49
B00LZPQVMK,95
B00LZPQVMK,93
B00LZPQVMK,239
B00LZPQVMK,68
B00LZPQVMK,218
B00LZPQVMK,117
B08X77LM8C,42
B08X77LM8C,151
B08X77LM8C,230
B01EJ5MM5M,67
B01EJ5MM5M,166
B01EJ5MM5M,198
B01EJ5MM5M,135
B08J82K4GX,67
B08J82K4GX,293
B07Z1Z77ZZ,67
B07Z1Z77ZZ,209
B07Z1Z77ZZ,87
B07Z1Z77ZZ,296
B07Z1Z77ZZ,24
B00DJ5N9VK,265
B00DJ5N9VK,26
B00DJ5N9VK,48
B00DJ5N9VK,160
B08FGNPQ9X,67
B08FGNPQ9X,212
B08FGNPQ9X,62
B07NTKGW45,67
B07NTKGW45,209
B07NTKGW45,73
B08J4PL1Z3,67
B08J4PL1Z3,209
B08J4PL1Z3,192
B08J4PL1Z3,290
B07XJWTYM2,42
B07XJWTYM2,151
B07XJWTYM2,109
B07XJWTYM2,261
B09939XJX8,67
B09939XJX8,209
B09939XJX8,105
B09939XJX8,210
B09MDCZJXS,67
B09MDCZJXS,209
B09MDCZJXS,192
B09MDCZJXS,159
B08CTQP51L,67
B08CTQP51L,209
B08CTQP51L,34
B08CTQP51L,46
B0BG62HMDJ,67
B0BG62HMDJ,292
B0BG62HMDJ,158
B08GTYFC37,67
B08GTYFC37,292
B08GTYFC37,295
B08SBH499M,67
B08SBH499M,209
B08SBH499M,80
B08SBH499M,197
B08FYB5HHK,67
B08FYB5HHK,212
B08FYB5HHK,13
B08FYB5HHK,27
B0B5GJRTHB,42
B0B5GJRTHB,151
B0B5GJRTHB,109
B0B5GJRTHB,261
B09GBBJV72,67
B09GBBJV72,209
B09GBBJV72,105
B09GBBJV72,223
B07P434WJY,67
B07P434WJY,166
B07P434WJY,300
B07P434WJY,141
B07T9FV9YP,67
B07T9FV9YP,209
B07T9FV9YP,192
B07T9FV9YP,159
B08WKFSN84,67
B08WKFSN84,209
B08WKFSN84,61
B08WKFSN84,299
B08WKFSN84,269
B09TBCVJS3,42
B09TBCVJS3,52
B09TBCVJS3,203
B08TR61BVK,67
B08TR61BVK,209
B08TR61BVK,87
B08TR61BVK,296
B08TR61BVK,24
B0B2CPVXHX,67
B0B2CPVXHX,209
B0B2CPVXHX,34
B0B2CPVXHX,46
B08XNL93PL,49
B08XNL93PL,95
B08XNL93PL,93
B08XNL93PL,239
B08XNL93PL,125
B088GXTJM3,42
B088GXTJM3,177
B088GXTJM3,168
B088GXTJM3,104
B088GXTJM3,207
B088GXTJM3,206
B099S26HWG,49
B099S26HWG,95
B099S26HWG,93
B099S26HWG,239
B099S26HWG,125
B099S26HWG,188
B08461VC1Z,67
B08461VC1Z,209
B08461VC1Z,105
B08461VC1Z,178
B08461VC1Z,274
B00K32PEW4,49
B00K32PEW4,205
B00K32PEW4,263
B00K32PEW4,53
B07LFWP97N,67
B07LFWP97N,209
B07LFWP97N,87
B07LFWP97N,296
B07LFWP97N,24
B0746N6WML,49
B0746N6WML,95
B0746N6WML,93
B0746N6WML,239
B0746N6WML,68
B0746N6WML,218
B0746N6WML,117
B07W9KYT62,67
B07W9KYT62,212
B07W9KYT62,62
B08D9MNH4B,67
B08D9MNH4B,166
B08D9MNH4B,198
B09MKG4ZCM,67
B09MKG4ZCM,212
B09MKG4ZCM,62
B07RZZ1QSW,42
B07RZZ1QSW,177
B07RZZ1QSW,168
B07RZZ1QSW,173
B07RZZ1QSW,260
B07222HQKP,67
B07222HQKP,292
B07222HQKP,158
B00NFD0ETQ,67
B00NFD0ETQ,209
B00NFD0ETQ,192
B00NFD0ETQ,291
B075DB1F13,42
B075DB1F13,252
B0148NPH9I,67
B0148NPH9I,209
B0148NPH9I,105
B0148NPH9I,255
B01JOFKL0A,67
B01JOFKL0A,166
B01JOFKL0A,198
B079S811J3,67
B079S811J3,209
B079S811J3,192
B079S811J3,159
B0083T231O,42
B0083T231O,146
B0083T231O,213
B086PXQ2R4,49
B086PXQ2R4,95
B086PXQ2R4,93
B086PXQ2R4,239
B086PXQ2R4,125
B086PXQ2R4,188
B07L1N3TJX,67
B07L1N3TJX,209
B07L1N3TJX,87
B07L1N3TJX,302
B07YFWVRCM,42
B07YFWVRCM,177
B07YFWVRCM,47
B07YFWVRCM,164
B08TDJ5BVF,67
B08TDJ5BVF,209
B08TDJ5BVF,121
B08TDJ5BVF,144
B09XXZXQC1,67
B09XXZXQC1,44
B083T5G5PM,42
B083T5G5PM,151
B083T5G5PM,109
B083T5G5PM,261
B0BHVPTM2C,67
B0BHVPTM2C,209
B0BHVPTM2C,87
B0BHVPTM2C,282
B01NBX5RSB,67
B01NBX5RSB,209
B01NBX5RSB,87
B01NBX5RSB,302
B08MWJTST6,42
B08MWJTST6,118
B08MWJTST6,70
B08MWJTST6,289
B07R99NBVB,112
B07R99NBVB,9
B07R99NBVB,3
B00LY12TH6,201
B00LY12TH6,251
B00LY12TH6,39
B08497Z1MQ,67
B08497Z1MQ,209
B08497Z1MQ,192
B08497Z1MQ,291
B07KNM95JK,67
B07KNM95JK,166
B07KNM95JK,300
B07KNM95JK,45
B09Q3M3WLJ,67
B09Q3M3WLJ,209
B09Q3M3WLJ,34
B09Q3M3WLJ,46
B09B9SPC7F,67
B09B9SPC7F,209
B09B9SPC7F,87
B09B9SPC7F,282
B099SD8PRP,67
B099SD8PRP,209
B099SD8PRP,105
B099SD8PRP,28
B00S2SEV7K,49
B00S2SEV7K,95
B00S2SEV7K,93
B00S2SEV7K,239
B00S2SEV7K,68
B00S2SEV7K,218
B00S2SEV7K,298
B08WKCTFF3,67
B08WKCTFF3,209
B08WKCTFF3,87
B08WKCTFF3,282
B08498D67S,67
B08498D67S,209
B08498D67S,192
B08498D67S,20
B00C3GBCIS,67
B00C3GBCIS,209
B00C3GBCIS,87
B00C3GBCIS,296
B00C3GBCIS,24
B00URH5E34,67
B00URH5E34,209
B00URH5E34,121
B00URH5E34,144
B00EYW1U68,67
B00EYW1U68,212
B00EYW1U68,22
B08SMJT55F,42
B08SMJT55F,276
B08SMJT55F,127
B08SMJT55F,228
B08Y7MXFMK,67
B08Y7MXFMK,209
B08Y7MXFMK,105
B08Y7MXFMK,28
B086Q3QMFS,49
B086Q3QMFS,95
B086Q3QMFS,93
B086Q3QMFS,239
B086Q3QMFS,125
B086Q3QMFS,188
B08498H13H,67
B08498H13H,209
B08498H13H,192
B08498H13H,20
B07LFQLKFZ,49
B07LFQLKFZ,95
B07LFQLKFZ,93
B07LFQLKFZ,239
B07LFQLKFZ,68
B07LFQLKFZ,218
B07LFQLKFZ,298
B00LY17RHI,49
B00LY17RHI,95
B00LY17RHI,93
B00LY17RHI,239
B00LY17RHI,68
B00LY17RHI,218
B00LY17RHI,85
B07W14CHV8,67
B07W14CHV8,209
B07W14CHV8,229
B07W14CHV8,1
B09F5Z694W,67
B09F5Z694W,166
B09F5Z694W,198
B09F5Z694W,135
B0B25LQQPC,67
B0B25LQQPC,6
B0B25LQQPC,147
B01LYLJ99X,67
B01LYLJ99X,292
B01LYLJ99X,116
B014SZPBM4,42
B014SZPBM4,252
B014SZPBM4,100
B08CZHGHKH,67
B08CZHGHKH,209
B08CZHGHKH,105
B08CZHGHKH,210
B0B2RBP83P,67
B0B2RBP83P,179
B0B2RBP83P,64
B078W65FJ7,42
B078W65FJ7,151
B078W65FJ7,109
B078W65FJ7,163
B08S74GTBT,42
B08S74GTBT,276
B08S74GTBT,127
B08S74GTBT,60
B07QMRHWJD,67
B07QMRHWJD,209
B07QMRHWJD,121
B07QMRHWJD,144
B07W7Z6DVL,42
B07W7Z6DVL,276
B07W7Z6DVL,127
B07W7Z6DVL,60
B07WMS7TWB,201
B07WMS7TWB,113
B07WMS7TWB,140
B07WMS7TWB,76
B07WMS7TWB,191
B00H47GVGY,201
B00H47GVGY,253
B00H47GVGY,310
B00H47GVGY,59
B07VX71FZP,201
B07VX71FZP,253
B07VX71FZP,310
B07VX71FZP,285
B07NCKMXVZ,201
B07NCKMXVZ,113
B07NCKMXVZ,171
B07NCKMXVZ,287
B07NCKMXVZ,96
B0B61DSF17,201
B0B61DSF17,113
B0B61DSF17,140
B0B61DSF17,88
B07VQGVL68,201
B07VQGVL68,113
B07VQGVL68,140
B07VQGVL68,88
B01LWYDEQ7,201
B01LWYDEQ7,149
B01LWYDEQ7,194
B01LWYDEQ7,71
B01LWYDEQ7,270
B07VNFP3C2,201
B07VNFP3C2,113
B07VNFP3C2,140
B07VNFP3C2,76
B07VNFP3C2,191
B00LUGTJGO,201
B00LUGTJGO,253
B00LUGTJGO,310
B00LUGTJGO,59
B01MQZ7J8K,201
B01MQZ7J8K,113
B01MQZ7J8K,140
B01MQZ7J8K,76
B01MQZ7J8K,191
B01GFTEV5Y,201
B01GFTEV5Y,113
B01GFTEV5Y,140
B01GFTEV5Y,237
B00NW4UWN6,201
B00NW4UWN6,113
B00NW4UWN6,140
B00NW4UWN6,76
B00NW4UWN6,191
B01NCVJMKX,201
B01NCVJMKX,113
B01NCVJMKX,171
B01NCVJMKX,287
B01NCVJMKX,96
B00O24PUO6,201
B00O24PUO6,253
B00O24PUO6,310
B00O24PUO6,285
B07GXPDLYQ,201
B07GXPDLYQ,113
B07GXPDLYQ,140
B07GXPDLYQ,316
B01C8P29N0,201
B01C8P29N0,113
B01C8P29N0,171
B01C8P29N0,287
B01C8P29N0,267
B01C8P29N0,202
B08KDBLMQP,201
B08KDBLMQP,113
B08KDBLMQP,140
B08KDBLMQP,182
B078JDNZJ8,201
B078JDNZJ8,253
B078JDNZJ8,36
B078JDNZJ8,256
B01M5F614J,201
B01M5F614J,253
B01M5F614J,310
B083GKDRKR,201
B083GKDRKR,113
B083GKDRKR,140
B083GKDRKR,76
B083GKDRKR,191
B097R2V1W8,201
B097R2V1W8,253
B097R2V1W8,36
B097R2V1W8,256
B07YR26BJ3,201
B07YR26BJ3,113
B07YR26BJ3,140
B07YR26BJ3,76
B07YR26BJ3,259
B097R45BH8,201
B097R45BH8,253
B097R45BH8,36
B097R45BH8,176
B09X5C9VLK,201
B09X5C9VLK,113
B09X5C9VLK,140
B09X5C9VLK,182
B01C8P29T4,201
B01C8P29T4,113
B01C8P29T4,171
B01C8P29T4,287
B01C8P29T4,267
B01C8P29T4,202
B00HVXS7WC,201
B00HVXS7WC,113
B00HVXS7WC,140
B00HVXS7WC,182
B096YCN3SD,201
B096YCN3SD,113
B096YCN3SD,140
B096YCN3SD,76
B096YCN3SD,259
B09LQH3SD9,201
B09LQH3SD9,253
B09LQH3SD9,310
B09LQH3SD9,59
B09KNMLH4Y,201
B09KNMLH4Y,113
B09KNMLH4Y,171
B09KNMLH4Y,287
B09KNMLH4Y,96
B00ABMASXG,201
B00ABMASXG,253
B00ABMASXG,36
B00ABMASXG,262
B07QDSN9V6,201
B07QDSN9V6,113
B07QDSN9V6,140
B07QDSN9V6,76
B07QDSN9V6,191
B00YMJ0OI8,201
B00YMJ0OI8,113
B00YMJ0OI8,140
B00YMJ0OI8,237
B0B8XNPQPN,201
B0B8XNPQPN,113
B0B8XNPQPN,140
B0B8XNPQPN,16
B0B8XNPQPN,138
B0814P4L98,201
B0814P4L98,137
B0814P4L98,106
B0814P4L98,40
B008QTK47Q,201
B008QTK47Q,113
B008QTK47Q,171
B008QTK47Q,287
B008QTK47Q,267
B008QTK47Q,133
B088ZTJT2R,201
B088ZTJT2R,253
B088ZTJT2R,36
B088ZTJT2R,262
B0BK1K598K,201
B0BK1K598K,113
B0BK1K598K,171
B0BK1K598K,287
B0BK1K598K,96
B09Y5FZK9N,201
B09Y5FZK9N,113
B09Y5FZK9N,140
B09Y5FZK9N,76
B09Y5FZK9N,259
B09J2SCVQT,201
B09J2SCVQT,113
B09J2SCVQT,140
B09J2SCVQT,128
B00TDD0YM4,201
B00TDD0YM4,113
B00TDD0YM4,171
B00TDD0YM4,287
B00TDD0YM4,96
B078KRFWQB,201
B078KRFWQB,253
B078KRFWQB,310
B078KRFWQB,59
B07SRM58TP,201
B07SRM58TP,113
B07SRM58TP,171
B07SRM58TP,41
B07SRM58TP,162
B07SRM58TP,221
B00EDJJ7FS,201
B00EDJJ7FS,113
B00EDJJ7FS,140
B00EDJJ7FS,237
B0832W3B7Q,201
B0832W3B7Q,113
B0832W3B7Q,140
B0832W3B7Q,237
B07WNK1FFN,201
B07WNK1FFN,113
B07WNK1FFN,140
B07WNK1FFN,76
B07WNK1FFN,191
B009P2LK08,201
B009P2LK08,253
B009P2LK08,310
B009P2LK08,59
B07DGD4Z4C,201
B07DGD4Z4C,113
B07DGD4Z4C,140
B07DGD4Z4C,182
B07GMFY9QM,201
B07GMFY9QM,113
B07GMFY9QM,140
B07GMFY9QM,154
B0BGPN4GGH,201
B0BGPN4GGH,253
B0BGPN4GGH,310
B0BGPN4GGH,59
B0B2DZ5S6R,201
B0B2DZ5S6R,113
B0B2DZ5S6R,140
B0B2DZ5S6R,76
B0B2DZ5S6R,259
B07S851WX5,201
B07S851WX5,113
B07S851WX5,140
B07S851WX5,241
B01MY839VW,201
B01MY839VW,113
B01MY839VW,171
B01MY839VW,287
B01MY839VW,267
B01MY839VW,202
B09LV1CMGH,201
B09LV1CMGH,253
B09LV1CMGH,310
B09LV1CMGH,285
B01EY310UM,201
B01EY310UM,113
B01EY310UM,171
B01EY310UM,287
B01EY310UM,267
B01EY310UM,202
B09NL7LBWT,201
B09NL7LBWT,113
B09NL7LBWT,171
B09NL7LBWT,287
B09NL7LBWT,96
B008YW8M0G,201
B008YW8M0G,113
B008YW8M0G,171
B008YW8M0G,287
B008YW8M0G,267
B008YW8M0G,202
B097R3XH9R,201
B097R3XH9R,253
B097R3XH9R,36
B097R3XH9R,176
B08TM71L54,201
B08TM71L54,113
B08TM71L54,171
B08TM71L54,287
B08TM71L54,267
B08TM71L54,133
B0BPBXNQQT,201
B0BPBXNQQT,253
B0BPBXNQQT,310
B0BPBXNQQT,59
B00W56GLOQ,201
B00W56GLOQ,113
B00W56GLOQ,140
B00W56GLOQ,128
B0883KDSXC,201
B0883KDSXC,113
B0883KDSXC,171
B0883KDSXC,287
B0883KDSXC,267
B0883KDSXC,202
B078V8R9BS,201
B078V8R9BS,113
B078V8R9BS,140
B078V8R9BS,76
B078V8R9BS,259
B08GSQXLJ2,201
B08GSQXLJ2,253
B08GSQXLJ2,36
B08GSQXLJ2,176
B01M5B0TPW,201
B01M5B0TPW,113
B01M5B0TPW,140
B01M5B0TPW,97
B082KVTRW8,201
B082KVTRW8,113
B082KVTRW8,140
B082KVTRW8,76
B082KVTRW8,259
B08CFJBZRK,201
B08CFJBZRK,113
B08CFJBZRK,140
B08CFJBZRK,182
B07H3WDC4X,201
B07H3WDC4X,113
B07H3WDC4X,140
B07H3WDC4X,154
B09ZTZ9N3Q,201
B09ZTZ9N3Q,253
B09ZTZ9N3Q,310
B09ZTZ9N3Q,285
B083P71WKK,201
B083P71WKK,113
B083P71WKK,140
B083P71WKK,88
B083P71WKK,216
B097R4D42G,201
B097R4D42G,253
B097R4D42G,36
B097R4D42G,176
B07MKMFKPG,201
B07MKMFKPG,113
B07MKMFKPG,140
B07MKMFKPG,182
B0949FPSFY,201
B0949FPSFY,113
B0949FPSFY,140
B0949FPSFY,88
B08F47T4X5,201
B08F47T4X5,113
B08F47T4X5,140
B08F47T4X5,193
B01M0505SJ,201
B01M0505SJ,253
B01M0505SJ,184
B01M0505SJ,114
B08D6RCM3Q,201
B08D6RCM3Q,137
B08D6RCM3Q,106
B08D6RCM3Q,40
B009P2LITG,201
B009P2LITG,253
B009P2LITG,310
B009P2LITG,59
B00V9NHDI4,201
B00V9NHDI4,113
B00V9NHDI4,171
B00V9NHDI4,41
B00V9NHDI4,162
B00V9NHDI4,257
B07WGPBXY9,201
B07WGPBXY9,113
B07WGPBXY9,140
B07WGPBXY9,76
B07WGPBXY9,191
B00KRCBA6E,201
B00KRCBA6E,253
B00KRCBA6E,310
B0B3X2BY3M,201
B0B3X2BY3M,253
B0B3X2BY3M,36
B0B3X2BY3M,256
B00F159RIK,201
B00F159RIK,113
B00F159RIK,171
B00F159RIK,287
B00F159RIK,267
B00F159RIK,202
B08MV82R99,201
B08MV82R99,253
B08MV82R99,36
B08MV82R99,262
B09VKWGZD7,201
B09VKWGZD7,113
B09VKWGZD7,171
B09VKWGZD7,208
B009P2LK80,201
B009P2LK80,253
B009P2LK80,310
B009P2LK80,189
B00A7PLVU6,201
B00A7PLVU6,113
B00A7PLVU6,140
B00A7PLVU6,316
B0B25DJ352,201
B0B25DJ352,113
B0B25DJ352,140
B0B25DJ352,154
B013B2WGT6,201
B013B2WGT6,113
B013B2WGT6,140
B013B2WGT6,88
B097RJ867P,201
B097RJ867P,113
B097RJ867P,140
B097RJ867P,16
B097RJ867P,138
B091V8HK8Z,201
B091V8HK8Z,113
B091V8HK8Z,140
B091V8HK8Z,76
B091V8HK8Z,191
B071VNHMX2,201
B071VNHMX2,113
B071VNHMX2,140
B071VNHMX2,74
B08MVSGXMY,201
B08MVSGXMY,253
B08MVSGXMY,310
B08MVSGXMY,59
B00H0B29DI,201
B00H0B29DI,253
B00H0B29DI,310
B00H0B29DI,183
B01GZSQJPA,201
B01GZSQJPA,113
B01GZSQJPA,140
B01GZSQJPA,182
B08VGFX2B6,201
B08VGFX2B6,137
B08VGFX2B6,106
B08VGFX2B6,40
B09GYBZPHF,201
B09GYBZPHF,113
B09GYBZPHF,140
B09GYBZPHF,182
B0B4KPCBSH,201
B0B4KPCBSH,113
B0B4KPCBSH,31
B0B4KPCBSH,57
B0B4KPCBSH,303
B09CGLY5CX,201
B09CGLY5CX,253
B09CGLY5CX,310
B09CGLY5CX,59
B09JN37WBX,201
B09JN37WBX,113
B09JN37WBX,171
B09JN37WBX,287
B09JN37WBX,96
B01I1LDZGA,201
B01I1LDZGA,113
B01I1LDZGA,140
B01I1LDZGA,76
B01I1LDZGA,191
B0BN2576GQ,201
B0BN2576GQ,113
B0BN2576GQ,171
B0BN2576GQ,287
B0BN2576GQ,96
B06XPYRWV5,201
B06XPYRWV5,113
B06XPYRWV5,140
B06XPYRWV5,74
B01N1XVVLC,201
B01N1XVVLC,253
B01N1XVVLC,310
B01N1XVVLC,285
B00O2R38C4,201
B00O2R38C4,253
B00O2R38C4,184
B00O2R38C4,169
B0B2CZTCL2,201
B0B2CZTCL2,113
B0B2CZTCL2,140
B0B2CZTCL2,76
B0B2CZTCL2,259
B00PVT30YI,201
B00PVT30YI,113
B00PVT30YI,31
B00PVT30YI,10
B00SH18114,201
B00SH18114,113
B00SH18114,140
B00SH18114,193
B00E9G8KOY,201
B00E9G8KOY,113
B00E9G8KOY,268
B00E9G8KOY,98
B00H3H03Q4,201
B00H3H03Q4,113
B00H3H03Q4,268
B00H3H03Q4,200
B0756K5DYZ,201
B0756K5DYZ,113
B0756K5DYZ,140
B0756K5DYZ,182
B0188KPKB2,201
B0188KPKB2,113
B0188KPKB2,140
B0188KPKB2,182
B091KNVNS9,201
B091KNVNS9,113
B091KNVNS9,140
B091KNVNS9,154
B075JJ5NQC,201
B075JJ5NQC,113
B075JJ5NQC,140
B075JJ5NQC,182
B0B5KZ3C53,201
B0B5KZ3C53,113
B0B5KZ3C53,140
B0B5KZ3C53,244
B09NTHQRW3,201
B09NTHQRW3,113
B09NTHQRW3,140
B09NTHQRW3,316
B008YW3CYM,201
B008YW3CYM,113
B008YW3CYM,171
B008YW3CYM,287
B008YW3CYM,267
B008YW3CYM,202
B07QHHCB27,201
B07QHHCB27,113
B07QHHCB27,140
B07QHHCB27,316
B0BMFD94VD,201
B0BMFD94VD,113
B0BMFD94VD,140
B0BMFD94VD,193
B00HZIOGXW,201
B00HZIOGXW,253
B00HZIOGXW,36
B00HZIOGXW,262
B09CKSYBLR,201
B09CKSYBLR,113
B09CKSYBLR,140
B09CKSYBLR,97
B072J83V9W,201
B072J83V9W,113
B072J83V9W,171
B072J83V9W,41
B072J83V9W,162
B072J83V9W,257
B09MTLG4TP,201
B09MTLG4TP,113
B09MTLG4TP,171
B09MTLG4TP,287
B09MTLG4TP,96
B097XJQZ8H,201
B097XJQZ8H,113
B097XJQZ8H,140
B097XJQZ8H,182
B00935MD1C,201
B00935MD1C,113
B00935MD1C,140
B00935MD1C,244
B0BR4F878Q,201
B0BR4F878Q,253
B0BR4F878Q,36
B0BR4F878Q,256
B0B3G5XZN5,201
B0B3G5XZN5,113
B0B3G5XZN5,140
B0B3G5XZN5,316
B07WKB69RS,201
B07WKB69RS,253
B07WKB69RS,36
B07WKB69RS,256
B09DL9978Y,201
B09DL9978Y,253
B09DL9978Y,36
B09DL9978Y,256
B06XMZV7RH,201
B06XMZV7RH,113
B06XMZV7RH,140
B06XMZV7RH,88
B09WMTJPG7,201
B09WMTJPG7,253
B09WMTJPG7,36
B09WMTJPG7,256
B09ZK6THRR,201
B09ZK6THRR,113
B09ZK6THRR,171
B09ZK6THRR,287
B09ZK6THRR,267
B09ZK6THRR,202
B07MP21WJD,201
B07MP21WJD,113
B07MP21WJD,171
B07MP21WJD,287
B07MP21WJD,96
B09XB1R2F3,201
B09XB1R2F3,113
B09XB1R2F3,171
B09XB1R2F3,287
B09XB1R2F3,96
B08Y5QJXSR,201
B08Y5QJXSR,253
B08Y5QJXSR,184
B08Y5QJXSR,114
B07WJXCTG9,201
B07WJXCTG9,113
B07WJXCTG9,140
B07WJXCTG9,76
B07WJXCTG9,191
B09NBZ36F7,201
B09NBZ36F7,113
B09NBZ36F7,140
B09NBZ36F7,237
B0912WJ87V,305
B0912WJ87V,124
B0912WJ87V,65
B0912WJ87V,92
B0BMTZ4T1D,201
B0BMTZ4T1D,253
B0BMTZ4T1D,310
B0BMTZ4T1D,285
B07Z51CGGH,201
B07Z51CGGH,113
B07Z51CGGH,171
B07Z51CGGH,41
B07Z51CGGH,162
B07Z51CGGH,119
B0BDG6QDYD,201
B0BDG6QDYD,253
B0BDG6QDYD,310
B0BDG6QDYD,285
B00YQLG7GK,201
B00YQLG7GK,113
B00YQLG7GK,140
B00YQLG7GK,316
B00SMJPA9C,201
B00SMJPA9C,113
B00SMJPA9C,171
B00SMJPA9C,287
B00SMJPA9C,267
B00SMJPA9C,202
B0B9RN5X8B,201
B0B9RN5X8B,253
B0B9RN5X8B,36
B0B9RN5X8B,256
B08QW937WV,201
B08QW937WV,253
B08QW937WV,36
B08QW937WV,256
B0B4PPD89B,201
B0B4PPD89B,113
B0B4PPD89B,140
B0B4PPD89B,193
B08GM5S4CQ,201
B08GM5S4CQ,253
B08GM5S4CQ,36
B08GM5S4CQ,176
B00NM6MO26,201
B00NM6MO26,113
B00NM6MO26,140
B00NM6MO26,237
B083M7WPZD,201
B083M7WPZD,113
B083M7WPZD,171
B083M7WPZD,41
B083M7WPZD,162
B083M7WPZD,119
B07GLSKXS1,201
B07GLSKXS1,113
B07GLSKXS1,140
B07GLSKXS1,76
B07GLSKXS1,259
B09F6KL23R,201
B09F6KL23R,113
B09F6KL23R,140
B09F6KL23R,97
B094G9L9LT,201
B094G9L9LT,113
B094G9L9LT,140
B094G9L9LT,76
B094G9L9LT,191
B09FZ89DK6,201
B09FZ89DK6,113
B09FZ89DK6,171
B09FZ89DK6,41
B09FZ89DK6,162
B09FZ89DK6,257
B0811VCGL5,201
B0811VCGL5,253
B0811VCGL5,220
B0811VCGL5,225
B07FXLC2G2,201
B07FXLC2G2,113
B07FXLC2G2,268
B07FXLC2G2,312
B01LYU3BZF,201
B01LYU3BZF,253
B01LYU3BZF,184
B01LYU3BZF,114
B083RC4WFJ,201
B083RC4WFJ,137
B083RC4WFJ,106
B083RC4WFJ,245
B09SFRNKSR,201
B09SFRNKSR,113
B09SFRNKSR,171
B09SFRNKSR,287
B09SFRNKSR,96
B07NRTCDS5,201
B07NRTCDS5,113
B07NRTCDS5,140
B07NRTCDS5,128
B07SPVMSC6,201
B07SPVMSC6,253
B07SPVMSC6,184
B07SPVMSC6,114
B09H3BXWTK,201
B09H3BXWTK,113
B09H3BXWTK,140
B09H3BXWTK,88
B0073QGKAS,201
B0073QGKAS,113
B0073QGKAS,140
B0073QGKAS,74
B08GJ57MKL,201
B08GJ57MKL,253
B08GJ57MKL,220
B08GJ57MKL,225
B009DA69W6,201
B009DA69W6,113
B009DA69W6,268
B009DA69W6,312
B099PR2GQJ,201
B099PR2GQJ,253
B099PR2GQJ,310
B099PR2GQJ,59
B08G8H8DPL,201
B08G8H8DPL,113
B08G8H8DPL,140
B08G8H8DPL,182
B08VGM3YMF,201
B08VGM3YMF,137
B08VGM3YMF,106
B08VGM3YMF,40
B08TTRVWKY,201
B08TTRVWKY,113
B08TTRVWKY,140
B08TTRVWKY,154
B07T4D9FNY,201
B07T4D9FNY,113
B07T4D9FNY,140
B07T4D9FNY,76
B07T4D9FNY,191
B07RX42D3D,201
B07RX42D3D,113
B07RX42D3D,140
B07RX42D3D,241
B08WRKSF9D,201
B08WRKSF9D,253
B08WRKSF9D,36
B08WRKSF9D,176
B09R83SFYV,201
B09R83SFYV,113
B09R83SFYV,238
B09R83SFYV,108
B07989VV5K,201
B07989VV5K,113
B07989VV5K,171
B07989VV5K,287
B07989VV5K,267
B07989VV5K,133
B07FL3WRX5,201
B07FL3WRX5,113
B07FL3WRX5,140
B07FL3WRX5,128
B0BPCJM7TB,201
B0BPCJM7TB,113
B0BPCJM7TB,140
B0BPCJM7TB,316
B08H673XKN,201
B08H673XKN,113
B08H673XKN,140
B08H673XKN,182
B07DXRGWDJ,201
B07DXRGWDJ,113
B07DXRGWDJ,171
B07DXRGWDJ,287
B07DXRGWDJ,267
B07DXRGWDJ,133
B08243SKCK,201
B08243SKCK,137
B08243SKCK,106
B08243SKCK,107
B08243SKCK,226
B09SPTNG58,201
B09SPTNG58,253
B09SPTNG58,184
B09SPTNG58,114
B083J64CBB,201
B083J64CBB,137
B083J64CBB,106
B083J64CBB,40
B08JV91JTK,201
B08JV91JTK,113
B08JV91JTK,140
B08JV91JTK,222
B0BQ3K23Y1,201
B0BQ3K23Y1,113
B0BQ3K23Y1,140
B0BQ3K23Y1,316
B09MT94QLL,201
B09MT94QLL,253
B09MT94QLL,184
B09MT94QLL,114
B07NKNBTT3,201
B07NKNBTT3,113
B07NKNBTT3,171
B07NKNBTT3,287
B07NKNBTT3,96
B09KPXTZXN,201
B09KPXTZXN,113
B09KPXTZXN,140
B09KPXTZXN,97
B078HG2ZPS,201
B078HG2ZPS,113
B078HG2ZPS,140
B078HG2ZPS,186
B078HG2ZPS,11
B07N2MGB3G,201
B07N2MGB3G,113
B07N2MGB3G,140
B07N2MGB3G,311
B008LN8KDM,201
B008LN8KDM,113
B008LN8KDM,171
B008LN8KDM,287
B008LN8KDM,267
B008LN8KDM,133
B08MZNT7GP,201
B08MZNT7GP,253
B08MZNT7GP,310
B08MZNT7GP,285
B009P2L7CO,201
B009P2L7CO,113
B009P2L7CO,171
B009P2L7CO,287
B009P2L7CO,267
B009P2L7CO,202
B07YC8JHMB,201
B07YC8JHMB,113
B07YC8JHMB,268
B07YC8JHMB,312
B0BNQMF152,201
B0BNQMF152,113
B0BNQMF152,140
B0BNQMF152,128
B08J7VCT12,201
B08J7VCT12,113
B08J7VCT12,171
B08J7VCT12,41
B08J7VCT12,162
B08J7VCT12,221
B0989W6J2F,201
B0989W6J2F,113
B0989W6J2F,140
B0989W6J2F,193
B0B84KSH3X,201
B0B84KSH3X,113
B0B84KSH3X,171
B0B84KSH3X,287
B0B84KSH3X,267
B0B84KSH3X,202
B08HLC7Z3G,201
B08HLC7Z3G,113
B08HLC7Z3G,140
B08HLC7Z3G,76
B08HLC7Z3G,259
B0BN6M3TCM,201
B0BN6M3TCM,113
B0BN6M3TCM,171
B0BN6M3TCM,287
B0BN6M3TCM,96
B01L6MT7E0,201
B01L6MT7E0,253
B01L6MT7E0,220
B01L6MT7E0,225
B0B9F9PT8R,201
B0B9F9PT8R,253
B0B9F9PT8R,310
B0B9F9PT8R,59
B0883LQJ6B,201
B0883LQJ6B,113
B0883LQJ6B,171
B0883LQJ6B,287
B0883LQJ6B,267
B0883LQJ6B,202
B099Z83VRC,201
B099Z83VRC,113
B099Z83VRC,140
B099Z83VRC,154
B00S9BSJC8,201
B00S9BSJC8,113
B00S9BSJC8,140
B00S9BSJC8,150
B0B4SJKRDF,201
B0B4SJKRDF,113
B0B4SJKRDF,140
B0B4SJKRDF,88
B0B4SJKRDF,216
B0BM4KTNL1,201
B0BM4KTNL1,113
B0BM4KTNL1,140
B0BM4KTNL1,316
B08S6RKT4L,201
B08S6RKT4L,113
B08S6RKT4L,140
B09SZ5TWHW,201
B09SZ5TWHW,113
B09SZ5TWHW,171
B09SZ5TWHW,41
B09SZ5TWHW,162
B09SZ5TWHW,221
B0BLC2BYPX,201
B0BLC2BYPX,113
B0BLC2BYPX,140
B0BLC2BYPX,316
B00P0R95EA,201
B00P0R95EA,253
B00P0R95EA,36
B00P0R95EA,262
B07W4HTS8Q,201
B07W4HTS8Q,253
B07W4HTS8Q,36
B07W4HTS8Q,256
B078JBK4GX,201
B078JBK4GX,253
B078JBK4GX,36
B078JBK4GX,256
B08S7V8YTN,201
B08S7V8YTN,113
B08S7V8YTN,140
B08S7V8YTN,154
B07H5PBN54,201
B07H5PBN54,253
B07H5PBN54,36
B07H5PBN54,256
B07YCBSCYB,201
B07YCBSCYB,113
B07YCBSCYB,140
B07YCBSCYB,237
B098T9CJVQ,201
B098T9CJVQ,113
B098T9CJVQ,140
B098T9CJVQ,316
B01KCSGBU2,201
B01KCSGBU2,253
B01KCSGBU2,220
B01KCSGBU2,225
B095XCRDQW,201
B095XCRDQW,137
B095XCRDQW,106
B095XCRDQW,40
B09CTWFV5W,201
B09CTWFV5W,113
B09CTWFV5W,140
B09CTWFV5W,16
B09CTWFV5W,138
B0B7NWGXS6,201
B0B7NWGXS6,253
B0B7NWGXS6,310
B0B7NWGXS6,59
B07DZ986Q2,201
B07DZ986Q2,113
B07DZ986Q2,171
B07DZ986Q2,287
B07DZ986Q2,267
B07DZ986Q2,133
B07KKJPTWB,201
B07KKJPTWB,113
B07KKJPTWB,140
B07KKJPTWB,97
B071R3LHFM,201
B071R3LHFM,113
B071R3LHFM,140
B071R3LHFM,182
B086X18Q71,201
B086X18Q71,113
B086X18Q71,238
B086X18Q71,108
B07WVQG8WZ,201
B07WVQG8WZ,113
B07WVQG8WZ,171
B07WVQG8WZ,287
B07WVQG8WZ,267
B07WVQG8WZ,133
B0BFBNXS94,201
B0BFBNXS94,113
B0BFBNXS94,140
B0BFBNXS94,316
B071113J7M,201
B071113J7M,113
B071113J7M,140
B071113J7M,128
B09YLWT89W,201
B09YLWT89W,113
B09YLWT89W,268
B09YLWT89W,312
B0814LP6S9,201
B0814LP6S9,137
B0814LP6S9,106
B0814LP6S9,40
B07BKSSDR2,243
B07BKSSDR2,196
B07BKSSDR2,211
B07BKSSDR2,17
B07BKSSDR2,55
B09VGS66FV,201
B09VGS66FV,113
B09VGS66FV,140
B09VGS66FV,76
B09VGS66FV,259
B07RCGTZ4M,201
B07RCGTZ4M,113
B07RCGTZ4M,171
B07RCGTZ4M,41
B07RCGTZ4M,162
B07RCGTZ4M,119
B0747VDH9L,201
B0747VDH9L,113
B0747VDH9L,140
B0747VDH9L,316
B08XLR6DSB,201
B08XLR6DSB,113
B08XLR6DSB,238
B08XLR6DSB,108
B08H6CZSHT,201
B08H6CZSHT,113
B08H6CZSHT,171
B08H6CZSHT,287
B08H6CZSHT,267
B08H6CZSHT,133
B07CVR2L5K,201
B07CVR2L5K,113
B07CVR2L5K,140
B07CVR2L5K,97
B09J4YQYX3,201
B09J4YQYX3,113
B09J4YQYX3,140
B09J4YQYX3,154
B0B2DD8BQ8,201
B0B2DD8BQ8,113
B0B2DD8BQ8,140
B0B2DD8BQ8,241
B0123P3PWE,201
B0123P3PWE,253
B0123P3PWE,36
B0123P3PWE,262
B08HDCWDXD,201
B08HDCWDXD,113
B08HDCWDXD,171
B08HDCWDXD,41
B08HDCWDXD,162
B08HDCWDXD,221
B0836JGZ74,201
B0836JGZ74,253
B0836JGZ74,36
B0836JGZ74,256
B0BCKJJN8R,201
B0BCKJJN8R,253
B0BCKJJN8R,36
B0BCKJJN8R,256
B008P7IF02,201
B008P7IF02,113
B008P7IF02,31
B008P7IF02,66
B08CNLYKW5,201
B08CNLYKW5,113
B08CNLYKW5,140
B08CNLYKW5,182
B08C7TYHPB,201
B08C7TYHPB,113
B08C7TYHPB,140
B08C7TYHPB,76
B08C7TYHPB,259
B08VJFYH6N,201
B08VJFYH6N,253
B08VJFYH6N,184
B08VJFYH6N,234
B08235JZFB,201
B08235JZFB,113
B08235JZFB,171
B08235JZFB,287
B08235JZFB,267
B08235JZFB,202
B078XFKBZL,201
B078XFKBZL,113
B078XFKBZL,268
B078XFKBZL,200
B01M265AAK,201
B01M265AAK,253
B01M265AAK,310
B01M265AAK,59
B0B694PXQJ,201
B0B694PXQJ,113
B0B694PXQJ,140
B0B694PXQJ,88
B00B3VFJY2,201
B00B3VFJY2,113
B00B3VFJY2,268
B00B3VFJY2,98
B08W9BK4MD,201
B08W9BK4MD,137
B08W9BK4MD,106
B08W9BK4MD,40
B09X5HD5T1,201
B09X5HD5T1,113
B09X5HD5T1,31
B09X5HD5T1,283
B08H6B3G96,201
B08H6B3G96,113
B08H6B3G96,171
B08H6B3G96,287
B08H6B3G96,267
B08H6B3G96,133
B09N3BFP4M,201
B09N3BFP4M,253
B09N3BFP4M,36
B09N3BFP4M,176
B09DSQXCM8,201
B09DSQXCM8,113
B09DSQXCM8,171
B09DSQXCM8,287
B09DSQXCM8,96
B01M69WCZ6,201
B01M69WCZ6,253
B01M69WCZ6,266
B0BM9H2NY9,201
B0BM9H2NY9,113
B0BM9H2NY9,140
B0BM9H2NY9,154
B099FDW2ZF,201
B099FDW2ZF,253
B099FDW2ZF,310
B099FDW2ZF,59
B0B935YNR7,201
B0B935YNR7,113
B0B935YNR7,140
B0B935YNR7,97
B07JGCGNDG,201
B07JGCGNDG,253
B07JGCGNDG,36
B07JGCGNDG,176
B08L12N5H1,201
B08L12N5H1,113
B08L12N5H1,171
B08L12N5H1,41
B08L12N5H1,162
B08L12N5H1,221
B07GWTWFS2,201
B07GWTWFS2,113
B07GWTWFS2,140
B07GWTWFS2,241
B09KRHXTLN,201
B09KRHXTLN,253
B09KRHXTLN,310
B09KRHXTLN,285
B09H34V36W,201
B09H34V36W,253
B09H34V36W,310
B09H34V36W,285
B09J2QCKKM,201
B09J2QCKKM,253
B09J2QCKKM,36
B09J2QCKKM,262
B09XRBJ94N,201
B09XRBJ94N,113
B09XRBJ94N,140
B09XRBJ94N,241
B07SLNG3LW,201
B07SLNG3LW,113
B07SLNG3LW,171
B07SLNG3LW,41
B07SLNG3LW,162
B07SLNG3LW,119
B0BNDGL26T,201
B0BNDGL26T,113
B0BNDGL26T,140
B0BNDGL26T,128
B095PWLLY6,201
B095PWLLY6,253
B095PWLLY6,184
B095PWLLY6,114
B07Y9PY6Y1,201
B07Y9PY6Y1,113
B07Y9PY6Y1,140
B07Y9PY6Y1,128
B0BJ966M5K,201
B0BJ966M5K,113
B0BJ966M5K,268
B0BJ966M5K,312
B086GVRP63,201
B086GVRP63,113
B086GVRP63,31
B086GVRP63,10
B08MVXPTDG,201
B08MVXPTDG,253
B08MVXPTDG,310
B08MVXPTDG,285
B0BMZ6SY89,201
B0BMZ6SY89,253
B0BMZ6SY89,310
B0BMZ6SY89,285
B09P1MFKG1,201
B09P1MFKG1,253
B09P1MFKG1,310
B09P1MFKG1,285
B01LY9W8AF,201
B01LY9W8AF,137
B01LY9W8AF,106
B01LY9W8AF,40
B07ZJND9B9,201
B07ZJND9B9,253
B07ZJND9B9,184
B07ZJND9B9,114
B0B2CWRDB1,201
B0B2CWRDB1,113
B0B2CWRDB1,171
B0B2CWRDB1,208
B072NCN9M4,201
B072NCN9M4,113
B072NCN9M4,171
B072NCN9M4,41
B072NCN9M4,162
B072NCN9M4,119
B08SKZ2RMG,201
B08SKZ2RMG,113
B08SKZ2RMG,171
B08SKZ2RMG,287
B08SKZ2RMG,96
B0B53DS4TF,201
B0B53DS4TF,113
B0B53DS4TF,140
B0B53DS4TF,16
B0B53DS4TF,138
B08BJN4MP3,201
B08BJN4MP3,113
B08BJN4MP3,268
B08BJN4MP3,312
B0BCYQY9X5,201
B0BCYQY9X5,113
B0BCYQY9X5,268
B0BCYQY9X5,312
B009UORDX4,201
B009UORDX4,113
B009UORDX4,171
B009UORDX4,287
B009UORDX4,267
B009UORDX4,202
B08VGDBF3B,201
B08VGDBF3B,137
B08VGDBF3B,106
B08VGDBF3B,40
B012ELCYUG,201
B012ELCYUG,113
B012ELCYUG,140
B012ELCYUG,190
B012ELCYUG,315
B07S9M8YTY,201
B07S9M8YTY,113
B07S9M8YTY,171
B07S9M8YTY,287
B07S9M8YTY,267
B07S9M8YTY,202
B0B19VJXQZ,201
B0B19VJXQZ,113
B0B19VJXQZ,171
B0B19VJXQZ,41
B0B19VJXQZ,162
B0B19VJXQZ,120
B00SMFPJG0,201
B00SMFPJG0,113
B00SMFPJG0,268
B00SMFPJG0,200
B0BHYLCL19,201
B0BHYLCL19,113
B0BHYLCL19,268
B0BHYLCL19,98
B0BPJBTB3F,201
B0BPJBTB3F,253
B0BPJBTB3F,310
B0BPJBTB3F,285
B08MXJYB2V,201
B08MXJYB2V,113
B08MXJYB2V,140
B08MXJYB2V,182
B081B1JL35,201
B081B1JL35,253
B081B1JL35,36
B081B1JL35,256
B09VL9KFDB,201
B09VL9KFDB,253
B09VL9KFDB,184
B09VL9KFDB,234
B0B1MDZV9C,201
B0B1MDZV9C,113
B0B1MDZV9C,171
B0B1MDZV9C,41
B0B1MDZV9C,162
B0B1MDZV9C,221
B08TT63N58,201
B08TT63N58,113
B08TT63N58,140
B08TT63N58,150
B08YK7BBD2,201
B08YK7BBD2,113
B08YK7BBD2,140
B08YK7BBD2,193
B07YQ5SN4H,201
B07YQ5SN4H,113
B07YQ5SN4H,140
B07YQ5SN4H,241
B0B7FJNSZR,201
B0B7FJNSZR,113
B0B7FJNSZR,268
B0B7FJNSZR,312
B01N6IJG0F,201
B01N6IJG0F,113
B01N6IJG0F,171
B01N6IJG0F,287
B01N6IJG0F,267
B01N6IJG0F,202
B0B84QN4CN,201
B0B84QN4CN,113
B0B84QN4CN,171
B0B84QN4CN,287
B0B84QN4CN,267
B0B84QN4CN,202
B0B8ZM9RVV,201
B0B8ZM9RVV,113
B0B8ZM9RVV,140
B0B8ZM9RVV,154
B01892MIPA,201
B01892MIPA,253
B01892MIPA,36
B01892MIPA,176
B08ZHYNTM1,201
B08ZHYNTM1,253
B08ZHYNTM1,184
B08ZHYNTM1,114
B09SDDQQKP,201
B09SDDQQKP,113
B09SDDQQKP,171
B09SDDQQKP,41
B09SDDQQKP,162
B09SDDQQKP,221
B0B5RP43VN,201
B0B5RP43VN,113
B0B5RP43VN,140
B0B5RP43VN,241
B096NTB9XT,201
B096NTB9XT,113
B096NTB9XT,268
B096NTB9XT,312
B078JF6X9B,201
B078JF6X9B,253
B078JF6X9B,36
B078JF6X9B,256
B08CGW4GYR,201
B08CGW4GYR,113
B08CGW4GYR,140
B08CGW4GYR,316
B00A328ENA,201
B00A328ENA,113
B00A328ENA,140
B00A328ENA,244
B0763K5HLQ,201
B0763K5HLQ,113
B0763K5HLQ,31
B0763K5HLQ,283
B09PDZNSBG,201
B09PDZNSBG,113
B09PDZNSBG,171
B09PDZNSBG,287
B09PDZNSBG,267
B09PDZNSBG,133
B085LPT5F4,201
B085LPT5F4,113
B085LPT5F4,140
B085LPT5F4,182
B0B9RZ4G4W,201
B0B9RZ4G4W,113
B0B9RZ4G4W,140
B0B9RZ4G4W,316
B0085W2MUQ,201
B0085W2MUQ,113
B0085W2MUQ,140
B0085W2MUQ,316
B09474JWN6,201
B09474JWN6,113
B09474JWN6,171
B09474JWN6,287
B09474JWN6,96
B09G2VTHQM,201
B09G2VTHQM,113
B09G2VTHQM,140
B09G2VTHQM,145
B07R679HTT,201
B07R679HTT,113
B07R679HTT,140
B07R679HTT,150
B07R679HTT,254
B00B7GKXMG,201
B00B7GKXMG,113
B00B7GKXMG,171
B00B7GKXMG,287
B00B7GKXMG,267
B00B7GKXMG,202
B07H3N8RJH,201
B07H3N8RJH,113
B07H3N8RJH,171
B07H3N8RJH,41
B07H3N8RJH,162
B07H3N8RJH,257
B07K2HVKLL,201
B07K2HVKLL,253
B07K2HVKLL,36
B07K2HVKLL,262
B09MQ9PDHR,201
B09MQ9PDHR,253
B09MQ9PDHR,310
B09MQ9PDHR,285
B014HDJ7ZE,201
B014HDJ7ZE,253
B014HDJ7ZE,36
B014HDJ7ZE,256
B07D2NMTTV,201
B07D2NMTTV,113
B07D2NMTTV,171
B07D2NMTTV,287
B07D2NMTTV,267
B07D2NMTTV,133
B075K76YW1,201
B075K76YW1,113
B075K76YW1,140
B075K76YW1,222
B0BNLFQDG2,201
B0BNLFQDG2,253
B0BNLFQDG2,310
B0BNLFQDG2,59
B082ZQ4479,201
B082ZQ4479,113
B082ZQ4479,140
B082ZQ4479,186
B082ZQ4479,11
B09Y358DZQ,201
B09Y358DZQ,113
B09Y358DZQ,140
B09Y358DZQ,182
B09M3F4HGB,201
B09M3F4HGB,253
B09M3F4HGB,310
B09M3F4HGB,59
B07VZH6ZBB,201
B07VZH6ZBB,253
B07VZH6ZBB,36
B07VZH6ZBB,176
B07F366Z51,201
B07F366Z51,113
B07F366Z51,140
B07F366Z51,76
B07F366Z51,191
B077BTLQ67,201
B077BTLQ67,253
B077BTLQ67,36
B077BTLQ67,256
B07YSJ7FF1,201
B07YSJ7FF1,113
B07YSJ7FF1,171
B07YSJ7FF1,287
B07YSJ7FF1,267
B07YSJ7FF1,202
B07TXCY3YK,201
B07TXCY3YK,113
B07TXCY3YK,140
B07TXCY3YK,182
B07TC9F7PN,201
B07TC9F7PN,253
B07TC9F7PN,36
B07TC9F7PN,176
B09NS5TKPN,201
B09NS5TKPN,253
B09NS5TKPN,25
B09NS5TKPN,248
B00LP9RFSU,201
B00LP9RFSU,113
B00LP9RFSU,268
B00LP9RFSU,98
B0B7L86YCB,201
B0B7L86YCB,113
B0B7L86YCB,140
B0B7L86YCB,193
B09VPH38JS,201
B09VPH38JS,113
B09VPH38JS,140
B09VPH38JS,237
B01MUAUOCX,201
B01MUAUOCX,113
B01MUAUOCX,140
B01MUAUOCX,190
B09MB3DKG1,201
B09MB3DKG1,253
B09MB3DKG1,310
B09MB3DKG1,189
B08QHLXWV3,201
B08QHLXWV3,253
B08QHLXWV3,310
B08QHLXWV3,285
B07G147SZD,201
B07G147SZD,253
B07G147SZD,36
B07G147SZD,256
B09LH32678,201
B09LH32678,113
B09LH32678,140
B09LH32678,111
B09R1YFL6S,201
B09R1YFL6S,253
B09R1YFL6S,310
B09R1YFL6S,285
B07Q4NJQC5,201
B07Q4NJQC5,113
B07Q4NJQC5,140
B07Q4NJQC5,88
B097RN7BBK,201
B097RN7BBK,113
B097RN7BBK,140
B097RN7BBK,76
B097RN7BBK,259
B097MKZHNV,201
B097MKZHNV,253
B097MKZHNV,36
B097MKZHNV,256
B07LG96SDB,201
B07LG96SDB,253
B07LG96SDB,36
B07LG96SDB,262
B08KS2KQTK,201
B08KS2KQTK,113
B08KS2KQTK,31
B08KS2KQTK,10
B095K14P86,201
B095K14P86,113
B095K14P86,31
B095K14P86,75
B08K36NZSV,201
B08K36NZSV,113
B08K36NZSV,268
B08K36NZSV,98
B07LDPLSZC,201
B07LDPLSZC,113
B07LDPLSZC,171
B07LDPLSZC,287
B07LDPLSZC,267
B07LDPLSZC,202
B07F1T31ZZ,201
B07F1T31ZZ,113
B07F1T31ZZ,31
B07F1T31ZZ,10
B0BNDRK886,201
B0BNDRK886,113
B0BNDRK886,268
B0BNDRK886,98
B09ZVJXN5L,201
B09ZVJXN5L,253
B09ZVJXN5L,310
B09ZVJXN5L,285
B08JKPVDKL,201
B08JKPVDKL,113
B08JKPVDKL,31
B08JKPVDKL,172
B08JKPVDKL,78
B09JFR8H3Q,201
B09JFR8H3Q,113
B09JFR8H3Q,268
B09JFR8H3Q,98
B07LDN9Q2P,201
B07LDN9Q2P,113
B07LDN9Q2P,171
B07LDN9Q2P,287
B07LDN9Q2P,267
B07LDN9Q2P,202
B08T8KWNQ9,201
B08T8KWNQ9,253
B08T8KWNQ9,36
B08T8KWNQ9,256
B07Y1RCCW5,201
B07Y1RCCW5,253
B07Y1RCCW5,36
B07Y1RCCW5,256
B0762HXMTF,201
B0762HXMTF,113
B0762HXMTF,268
B0762HXMTF,312
B00K57MR22,201
B00K57MR22,113
B00K57MR22,140
B00K57MR22,182
B07TTSS5MP,201
B07TTSS5MP,113
B07TTSS5MP,140
B07TTSS5MP,182
B09ZDVL7L8,201
B09ZDVL7L8,113
B09ZDVL7L8,140
B09ZDVL7L8,182
B09XHXXCFH,201
B09XHXXCFH,113
B09XHXXCFH,140
B09XHXXCFH,244
B0BL3R4RGS,201
B0BL3R4RGS,113
B0BL3R4RGS,140
B0BL3R4RGS,128
B07P1BR7L8,201
B07P1BR7L8,113
B07P1BR7L8,140
B07P1BR7L8,311
B078WB1VWJ,201
B078WB1VWJ,113
B078WB1VWJ,171
B078WB1VWJ,287
B078WB1VWJ,267
B078WB1VWJ,202
B0BP89YBC1,201
B0BP89YBC1,253
B0BP89YBC1,36
B0BP89YBC1,256
B09W9V2PXG,201
B09W9V2PXG,113
B09W9V2PXG,140
B09W9V2PXG,88
B09XTQFFCG,201
B09XTQFFCG,113
B09XTQFFCG,171
B09XTQFFCG,41
B09XTQFFCG,162
B09XTQFFCG,221
B08LVVTGZK,201
B08LVVTGZK,113
B08LVVTGZK,140
B08LVVTGZK,241
B07J2BQZD6,201
B07J2BQZD6,137
B07J2BQZD6,106
B07J2BQZD6,40
B07HK53XM4,201
B07HK53XM4,113
B07HK53XM4,171
B07HK53XM4,287
B07HK53XM4,96
B08RDWBYCQ,201
B08RDWBYCQ,113
B08RDWBYCQ,140
B08RDWBYCQ,316
B09FHHTL8L,201
B09FHHTL8L,137
B09FHHTL8L,106
B09FHHTL8L,107
B09FHHTL8L,226
B0BHNHMR3H,201
B0BHNHMR3H,113
B0BHNHMR3H,140
B0BHNHMR3H,128
B07D8VBYB4,201
B07D8VBYB4,113
B07D8VBYB4,140
B07D8VBYB4,128
B0B3TBY2YX,201
B0B3TBY2YX,113
B0B3TBY2YX,140
B0B3TBY2YX,76
B0B3TBY2YX,191
B088WCFPQF,201
B088WCFPQF,113
B088WCFPQF,31
B088WCFPQF,131
B07JZSG42Y,201
B07JZSG42Y,113
B07JZSG42Y,140
B07JZSG42Y,241
B08YRMBK9R,201
B08YRMBK9R,253
B08YRMBK9R,36
B08YRMBK9R,176
B00935MGHS,201
B00935MGHS,113
B00935MGHS,140
B00935MGHS,241
B07B5XJ572,201
B07B5XJ572,113
B07B5XJ572,140
B07B5XJ572,76
B07B5XJ572,191
B086199CWG,201
B086199CWG,113
B086199CWG,140
B086199CWG,128
B0BBWJFK5C,201
B0BBWJFK5C,113
B0BBWJFK5C,171
B0BBWJFK5C,208
B07GLS2563,201
B07GLS2563,113
B07GLS2563,140
B07GLS2563,76
B07GLS2563,259
B09P182Z2H,201
B09P182Z2H,253
B09P182Z2H,266
B0B59K1C8F,201
B0B59K1C8F,113
B0B59K1C8F,171
B0B59K1C8F,287
B0B59K1C8F,96
B06Y36JKC3,201
B06Y36JKC3,113
B06Y36JKC3,31
B06Y36JKC3,172
B06Y36JKC3,78
B075S9FVRY,201
B075S9FVRY,113
B075S9FVRY,140
B075S9FVRY,182
B08SJVD8QD,201
B08SJVD8QD,113
B08SJVD8QD,140
B08SJVD8QD,88
B07FJNNZCJ,201
B07FJNNZCJ,113
B07FJNNZCJ,268
B07FJNNZCJ,312
B09MFR93KS,201
B09MFR93KS,113
B09MFR93KS,140
B09MFR93KS,182
B07Y5FDPKV,201
B07Y5FDPKV,113
B07Y5FDPKV,140
B07Y5FDPKV,316
B0756KCV5K,201
B0756KCV5K,113
B0756KCV5K,140
B0756KCV5K,237
B0BJ6P3LSK,201
B0BJ6P3LSK,113
B0BJ6P3LSK,268
B0BJ6P3LSK,312
B09HS1NDRQ,201
B09HS1NDRQ,137
B09HS1NDRQ,106
B09HS1NDRQ,40
B018SJJ0GE,201
B018SJJ0GE,113
B018SJJ0GE,140
B018SJJ0GE,275
B09FPP3R1D,201
B09FPP3R1D,113
B09FPP3R1D,140
B09FPP3R1D,154
B01F7B2JCI,201
B01F7B2JCI,113
B01F7B2JCI,31
B01F7B2JCI,172
B01F7B2JCI,78
B09NNZ1GF7,201
B09NNZ1GF7,113
B09NNZ1GF7,171
B09NNZ1GF7,287
B09NNZ1GF7,96
B01CS4A5V4,201
B01CS4A5V4,253
B01CS4A5V4,0
B01CS4A5V4,272
B0BL11S5QK,201
B0BL11S5QK,113
B0BL11S5QK,140
B0BL11S5QK,237
B09BL2KHQW,201
B09BL2KHQW,113
B09BL2KHQW,268
B09BL2KHQW,98
B081RLM75M,201
B081RLM75M,113
B081RLM75M,171
B081RLM75M,287
B081RLM75M,96
B07SYYVP69,201
B07SYYVP69,113
B07SYYVP69,140
B07SYYVP69,76
B07SYYVP69,191
B0BDZWMGZ1,201
B0BDZWMGZ1,113
B0BDZWMGZ1,140
B0BDZWMGZ1,182
B078JT7LTD,201
B078JT7LTD,113
B078JT7LTD,140
B078JT7LTD,182
B09WF4Q7B3,201
B09WF4Q7B3,113
B09WF4Q7B3,171
B09WF4Q7B3,287
B09WF4Q7B3,267
B09WF4Q7B3,133
B092R48XXB,201
B092R48XXB,113
B092R48XXB,171
B092R48XXB,41
B092R48XXB,162
B092R48XXB,120
B00KIDSU8S,201
B00KIDSU8S,253
B00KIDSU8S,184
B00KIDSU8S,169
B0977CGNJJ,201
B0977CGNJJ,113
B0977CGNJJ,140
B0977CGNJJ,155
B08WWKM5HQ,201
B08WWKM5HQ,253
B08WWKM5HQ,184
B08WWKM5HQ,114
B015GX9Y0W,201
B015GX9Y0W,113
B015GX9Y0W,140
B015GX9Y0W,111
B089BDBDGM,201
B089BDBDGM,137
B089BDBDGM,106
B089BDBDGM,40
B0BPBG712X,201
B0BPBG712X,253
B0BPBG712X,310
B0BPBG712X,285
B00JBNZPFM,201
B00JBNZPFM,113
B00JBNZPFM,171
B00JBNZPFM,41
B00JBNZPFM,162
B00JBNZPFM,119
B08N6P8G5K,201
B08N6P8G5K,113
B08N6P8G5K,140
B08N6P8G5K,16
B08N6P8G5K,138
B07NPBG1B4,201
B07NPBG1B4,253
B07NPBG1B4,184
B07NPBG1B4,271
B01MRARGBW,201
B01MRARGBW,113
B01MRARGBW,268
B01MRARGBW,98
B07VZYMQNZ,201
B07VZYMQNZ,113
B07VZYMQNZ,140
B07VZYMQNZ,76
B07VZYMQNZ,191
B01L7C4IU2,201
B01L7C4IU2,253
B01L7C4IU2,184
B01L7C4IU2,114
B09H7JDJCW,201
B09H7JDJCW,113
B09H7JDJCW,31
B09H7JDJCW,10
B07F6GXNPB,201
B07F6GXNPB,113
B07F6GXNPB,171
B07F6GXNPB,41
B07F6GXNPB,142
B07F6GXNPB,81
B07F6GXNPB,153
B0B97D658R,201
B0B97D658R,253
B0B97D658R,266
B09NFSHCWN,201
B09NFSHCWN,253
B09NFSHCWN,310
B09NFSHCWN,59
B076VQS87V,201
B076VQS87V,113
B076VQS87V,171
B076VQS87V,287
B076VQS87V,267
B076VQS87V,202
B09LMMFW3S,201
B09LMMFW3S,113
B09LMMFW3S,31
B09LMMFW3S,283
B0BBLHTRM9,201
B0BBLHTRM9,113
B0BBLHTRM9,268
B0BBLHTRM9,98
B0BJYSCWFQ,201
B0BJYSCWFQ,113
B0BJYSCWFQ,140
B0BJYSCWFQ,111
B0187F2IOK,201
B0187F2IOK,113
B0187F2IOK,140
B0187F2IOK,222
B0B8CB7MHW,201
B0B8CB7MHW,113
B0B8CB7MHW,140
B0B8CB7MHW,316
B07K19NYZ8,201
B07K19NYZ8,253
B07K19NYZ8,310
B07K19NYZ8,285
B08ZXZ362Z,201
B08ZXZ362Z,113
B08ZXZ362Z,238
B08ZXZ362Z,108
B00GHL8VP2,201
B00GHL8VP2,253
B00GHL8VP2,310
B00GHL8VP2,59
B0B9JZW1SQ,201
B0B9JZW1SQ,113
B0B9JZW1SQ,140
B0B9JZW1SQ,97
B00TI8E7BI,201
B00TI8E7BI,113
B00TI8E7BI,140
B00TI8E7BI,76
B00TI8E7BI,191
B07J9KXQCC,201
B07J9KXQCC,253
B07J9KXQCC,310
B07J9KXQCC,59
B0B3JSWG81,201
B0B3JSWG81,113
B0B3JSWG81,171
B0B3JSWG81,287
B0B3JSWG81,96
B08L7J3T31,201
B08L7J3T31,113
B08L7J3T31,268
B08L7J3T31,98
B01M6453MB,201
B01M6453MB,113
B01M6453MB,140
B01M6453MB,244
B009P2LIL4,201
B009P2LIL4,253
B009P2LIL4,310
B009P2LIL4,183
B00J5DYCCA,201
B00J5DYCCA,253
B00J5DYCCA,184
B00J5DYCCA,169
B01486F4G6,201
B01486F4G6,113
B01486F4G6,140
B01486F4G6,241
